ID,成语,拼音,释义,例句,出处,来源说明,许可证,自动审核结果,人工审核状态
source-001,阿鼻地狱,ā bí dì yù,阿鼻梵语的译音，意译为无间”，即痛苦无有间断之意。常用来比喻黑暗的社会和严酷的牢狱。又比喻无法摆脱的极其痛苦的境地。,但也有少数意志薄弱的……逐步上当，终至堕入～。★《上饶集中营·炼狱杂记》,语出《法华经·法师功德品》下至阿鼻地狱。”,crazywhalecc/idiom-database · MIT · 数据说明来自 pwxcoo/chinese-xinhua；原始文件：https://raw.githubusercontent.com/crazywhalecc/idiom-database/master/data/idiom.json,MIT（以源仓库声明为准）,四字词、拼音字段、释义字段、重复项检查通过,自动二审通过，待人工终审
source-002,阿姑阿翁,ā gū ā wēng,阿名词的前缀。姑丈夫的母亲。翁丈夫的父亲。指公公婆婆。,既然如此，你我两个，便学个不痴不聋的～。★《儿女英雄传》二三回,见阿家阿翁”。,crazywhalecc/idiom-database · MIT · 数据说明来自 pwxcoo/chinese-xinhua；原始文件：https://raw.githubusercontent.com/crazywhalecc/idiom-database/master/data/idiom.json,MIT（以源仓库声明为准）,四字词、拼音字段、释义字段、重复项检查通过,自动二审通过，待人工终审
source-003,阿娇金屋,ā jiāo jīn wū,阿娇指汉武帝刘彻的姑母（长公主刘娇）的女儿。原指汉武帝刘彻要用金屋接纳阿娇为妇。这里泛指美丽高贵的女子。,～原相配，太其玉镜宁无时？★明·周履靖《锦笺记·诒婚》,语出旧题汉·班固《汉武故事》汉武帝幼时曾对姑母长公主说若得阿娇(姑母之女)作妇，当以金屋贮之。”,crazywhalecc/idiom-database · MIT · 数据说明来自 pwxcoo/chinese-xinhua；原始文件：https://raw.githubusercontent.com/crazywhalecc/idiom-database/master/data/idiom.json,MIT（以源仓库声明为准）,四字词、拼音字段、释义字段、重复项检查通过,自动二审通过，待人工终审
source-004,阿猫阿狗,ā māo ā gǒu,旧时人们常用的小名。引申为任何轻贱的，不值得重视的人或著作。,在德国无论～见面，一律互相举手高喊希特勒万岁”。★邹韬奋《法西斯作风的罪恶》,鲁迅《我的第一个师父》这和名孩子为阿猫阿狗，完全是一样的意思容易养大。”,crazywhalecc/idiom-database · MIT · 数据说明来自 pwxcoo/chinese-xinhua；原始文件：https://raw.githubusercontent.com/crazywhalecc/idiom-database/master/data/idiom.json,MIT（以源仓库声明为准）,四字词、拼音字段、释义字段、重复项检查通过,自动二审通过，待人工终审
source-005,阿弥陀佛,ē mí tuó fó,佛教语，信佛的人用作口头诵颂的佛号，表示祈祷祝福或感谢神灵的意思。,和尚念经，～。,元·张国宾《合汗衫》第四折张寿友曰‘阿弥陀佛，这个是谁？’卜儿云‘这便是媳妇儿。’”,crazywhalecc/idiom-database · MIT · 数据说明来自 pwxcoo/chinese-xinhua；原始文件：https://raw.githubusercontent.com/crazywhalecc/idiom-database/master/data/idiom.json,MIT（以源仓库声明为准）,四字词、拼音字段、释义字段、重复项检查通过,自动二审通过，待人工终审
source-006,阿毗地狱,ā pí dì yù,阿毗梵语的译音，意译为无间”，即痛苦无有间断之意。常用来比喻黑暗的社会和严酷的牢狱。又比喻无法摆脱的极其痛苦的境地。,生前不曾修福，死堕～。★《敦煌变文集·妙法莲花经讲经文》,见阿鼻地狱”。,crazywhalecc/idiom-database · MIT · 数据说明来自 pwxcoo/chinese-xinhua；原始文件：https://raw.githubusercontent.com/crazywhalecc/idiom-database/master/data/idiom.json,MIT（以源仓库声明为准）,四字词、拼音字段、释义字段、重复项检查通过,自动二审通过，待人工终审
source-007,阿其所好,ē qí suǒ hào,阿曲从；其他的；好爱好。指为取得某人的好感而迎合他的爱好。,吾何能～为？★鲁迅《坟·摩罗诗力说》,《孟子·公孙丑上》宰我、子贡、有若，智足以知圣人，污不至阿其所好。”,crazywhalecc/idiom-database · MIT · 数据说明来自 pwxcoo/chinese-xinhua；原始文件：https://raw.githubusercontent.com/crazywhalecc/idiom-database/master/data/idiom.json,MIT（以源仓库声明为准）,四字词、拼音字段、释义字段、重复项检查通过,自动二审通过，待人工终审
source-008,阿谀逢迎,ē yú féng yíng,阿谀用言语恭维别人；逢迎迎合别人的心意。奉承，拍马，讨好别人。,其时京师有一流棍，名叫李光，专一～，谄事令孜。★明·凌濛初《初刻拍案惊奇》卷二十二,《二程全书·伊川易传一》周之与否在君而已，不可阿谀奉迎求其比己也。”,crazywhalecc/idiom-database · MIT · 数据说明来自 pwxcoo/chinese-xinhua；原始文件：https://raw.githubusercontent.com/crazywhalecc/idiom-database/master/data/idiom.json,MIT（以源仓库声明为准）,四字词、拼音字段、释义字段、重复项检查通过,自动二审通过，待人工终审
source-009,阿谀取容,ē yú qǔ róng,阿谀曲意逢迎；取容取悦于人。谄媚他人，以取得其喜悦。,且王髈等～，蔽贤窃位。★明·冯梦龙《东周列国志》,汉·杨秉《奏劾侯览》而今猥受过宠，执政操权，其阿谀取容者，则因公褎举，以报私惠。”,crazywhalecc/idiom-database · MIT · 数据说明来自 pwxcoo/chinese-xinhua；原始文件：https://raw.githubusercontent.com/crazywhalecc/idiom-database/master/data/idiom.json,MIT（以源仓库声明为准）,四字词、拼音字段、释义字段、重复项检查通过,自动二审通过，待人工终审
source-010,哀哀父母,āi āi fù mǔ,可哀呀可哀，我的父母啊！原指古时在暴政下的人民终年在外服劳役，对父母病痛、老死不能照料而悲哀。,咱人有子方知不孝娘，岂不问～情肠！★元·无名氏《小张屠》第一折,《诗经·小雅·蓼莪》蓼蓼者莪，匪莪伊蒿，哀哀父母，生我劬劳。”,crazywhalecc/idiom-database · MIT · 数据说明来自 pwxcoo/chinese-xinhua；原始文件：https://raw.githubusercontent.com/crazywhalecc/idiom-database/master/data/idiom.json,MIT（以源仓库声明为准）,四字词、拼音字段、释义字段、重复项检查通过,自动二审通过，待人工终审
source-011,哀哀欲绝,āi āi yù jué,哀哀极度悲哀；绝断气，死。形容极其悲痛。,那安太太进门，一眼便看见姑娘，～的跪在那里……便一直的奔了姑娘去。★清·文康《儿女英雄传》第二十回,清·曹雪芹《红楼梦》第十三回那宝珠按未嫁女之礼在灵前哀哀欲绝。”,crazywhalecc/idiom-database · MIT · 数据说明来自 pwxcoo/chinese-xinhua；原始文件：https://raw.githubusercontent.com/crazywhalecc/idiom-database/master/data/idiom.json,MIT（以源仓库声明为准）,四字词、拼音字段、释义字段、重复项检查通过,自动二审通过，待人工终审
source-012,哀兵必胜,āi bīng bì shèng,原意是力量相当的两军对阵，悲愤的一方获得胜利◇指因受欺侮而奋起抵抗的军队，必定能取胜。,不，～！不要乐，要哀，何小姐能弹《易水吟》的谱子吗？★张恨水《啼笑因缘续集》第十回,《老子》第六十九章祸莫大于轻敌，轻敌几丧吾宝，故抗兵相加，哀者胜矣。”,crazywhalecc/idiom-database · MIT · 数据说明来自 pwxcoo/chinese-xinhua；原始文件：https://raw.githubusercontent.com/crazywhalecc/idiom-database/master/data/idiom.json,MIT（以源仓库声明为准）,四字词、拼音字段、释义字段、重复项检查通过,自动二审通过，待人工终审
source-013,哀而不伤,āi ér bù shāng,哀悲哀；伤伤害。忧愁而不悲伤，形容感情有节制；另形容诗歌、音乐优美雅致，感情适度。比喻做事没有过头也无不及。,她喜欢打扮，愿意有朋友，可是这都不过是一些小小的、～的、青春的游戏。★老舍《四世同堂》四十三,《论语·八佾》子曰‘《关雎》乐而不淫，哀而不伤。’”,crazywhalecc/idiom-database · MIT · 数据说明来自 pwxcoo/chinese-xinhua；原始文件：https://raw.githubusercontent.com/crazywhalecc/idiom-database/master/data/idiom.json,MIT（以源仓库声明为准）,四字词、拼音字段、释义字段、重复项检查通过,自动二审通过，待人工终审
source-014,哀感顽艳,āi gǎn wán yàn,顽愚顽。原意是指内容凄切，文辞华丽，使愚笨和聪慧的人同样受感动◇多用来指艳情的小说、戏曲、电影中的感人情节。,这封信却是骈四骈六的，足有三千多字，写得异常的～。★清·吴趼人《二十年目睹之怪现状》第七十一回,三国·魏·繁钦《与魏文帝笺》咏北狄之遐征，奏胡马之长嘶，凄入肝脾，哀感顽艳。”,crazywhalecc/idiom-database · MIT · 数据说明来自 pwxcoo/chinese-xinhua；原始文件：https://raw.githubusercontent.com/crazywhalecc/idiom-database/master/data/idiom.json,MIT（以源仓库声明为准）,四字词、拼音字段、释义字段、重复项检查通过,自动二审通过，待人工终审
source-015,哀鸿遍地,āi hóng biàn dì,哀鸿哀鸣的鸿雁。比喻啼饥号寒的灾民。比喻在天灾人祸中到处都是流离失所、呻吟呼号的饥民。,天涯吟望，～，都成愁侣。★黄侃《水龙吟·秋花》词,《诗经·小雅·鸿雁》鸿雁于飞，哀鸣嗷嗷。”,crazywhalecc/idiom-database · MIT · 数据说明来自 pwxcoo/chinese-xinhua；原始文件：https://raw.githubusercontent.com/crazywhalecc/idiom-database/master/data/idiom.json,MIT（以源仓库声明为准）,四字词、拼音字段、释义字段、重复项检查通过,自动二审通过，待人工终审
source-016,哀鸿遍野,āi hóng biàn yě,哀鸿哀鸣的鸿雁。比喻啼饥号寒的灾民。比喻在天灾人祸中到处都是流离失所、呻吟呼号的饥民。,我记得历史上的罗马何等殷阗繁盛，怎么今日却是～，春燕无归，满眼凄惶。★清·梁启超《新罗马》,《诗经·小雅·鸿雁》鸿雁于飞，哀鸣嗷嗷。”,crazywhalecc/idiom-database · MIT · 数据说明来自 pwxcoo/chinese-xinhua；原始文件：https://raw.githubusercontent.com/crazywhalecc/idiom-database/master/data/idiom.json,MIT（以源仓库声明为准）,四字词、拼音字段、释义字段、重复项检查通过,自动二审通过，待人工终审
source-017,哀毁骨立,āi huǐ gǔ lì,哀悲哀；毁损坏身体；骨立形容极瘦，只剩下骨架。旧时形容在父母丧中因过度悲伤而瘦得只剩一把骨头。,众亲戚已到，商量在本族亲房立了一个儿子过来，然后大殓治丧。蘧公子～，极倦子之谊。★清·吴敬梓《儒林外史》第十二回,《后汉书·韦彪传》孝行纯至，父母卒，哀毁三年，不出庐寝。服竟，羸瘠骨立异形，医疗数年乃起。”南朝宋·刘义庆《世说新语·德行》王戎虽不备礼，而哀毁骨立。”,crazywhalecc/idiom-database · MIT · 数据说明来自 pwxcoo/chinese-xinhua；原始文件：https://raw.githubusercontent.com/crazywhalecc/idiom-database/master/data/idiom.json,MIT（以源仓库声明为准）,四字词、拼音字段、释义字段、重复项检查通过,自动二审通过，待人工终审
source-018,哀丝豪竹,āi sī háo zhú,丝指弦乐器；竹指管乐器；豪竹粗大的竹管制成的乐器。形容管弦乐声的悲壮动人。,～颂英烈，此是北昆跃进花。★茅盾《观北昆剧院初演〈红霞〉》,唐·杜甫《醉为马坠诸公携酒相看》诗酒肉如山又一时，初筵哀丝动豪竹。”,crazywhalecc/idiom-database · MIT · 数据说明来自 pwxcoo/chinese-xinhua；原始文件：https://raw.githubusercontent.com/crazywhalecc/idiom-database/master/data/idiom.json,MIT（以源仓库声明为准）,四字词、拼音字段、释义字段、重复项检查通过,自动二审通过，待人工终审
source-019,挨肩搭背,āi jiān dā bèi,挨肩肩和肩相靠。搭背手搭在别人背上。形容极其亲昵的样子。,看她俩挨肩搭背的样子，就知道是一对好朋友。,《官场维新记》第九回小玉凤见是警察局的大人到了，连忙抛了各客，溜进房间里来，与袁伯珍挨肩搭背的坐在一块儿。”,crazywhalecc/idiom-database · MIT · 数据说明来自 pwxcoo/chinese-xinhua；原始文件：https://raw.githubusercontent.com/crazywhalecc/idiom-database/master/data/idiom.json,MIT（以源仓库声明为准）,四字词、拼音字段、释义字段、重复项检查通过,自动二审通过，待人工终审
source-020,挨门挨户,āi mén āi hù,挨按照顺序。按照住户的顺序一家也不漏。同挨门逐户”。,她［一丈青大娘］又跑遍沿河几个村落，～乞讨零碎布头儿，给何满子缝了一件五光十色的百家衣。★刘绍棠《蒲柳人家》一,李英儒《野火春风斗古城》第六章二她心生一计，挨门挨户问人家要不要水。”,crazywhalecc/idiom-database · MIT · 数据说明来自 pwxcoo/chinese-xinhua；原始文件：https://raw.githubusercontent.com/crazywhalecc/idiom-database/master/data/idiom.json,MIT（以源仓库声明为准）,四字词、拼音字段、释义字段、重复项检查通过,自动二审通过，待人工终审
source-021,矮人观场,ǎi rén guān cháng,比喻只知道附和别人，自己没有主见。也比喻见识不广。,最有识见之客，亦作～。★清·李渔《闲情偶寄·演习·选剧》,清·王士秅《香祖笔记》卷十予观宋景文近体，无一字无来历，而对仗精确，非读万卷者不能，迥非南渡以后所及。今人耳食，誉者毁者，皆矮人观场，未之或知也。”,crazywhalecc/idiom-database · MIT · 数据说明来自 pwxcoo/chinese-xinhua；原始文件：https://raw.githubusercontent.com/crazywhalecc/idiom-database/master/data/idiom.json,MIT（以源仓库声明为准）,四字词、拼音字段、释义字段、重复项检查通过,自动二审通过，待人工终审
source-022,矮人看场,ǎi rén kàn chǎng,比喻只知道附和别人，自己没有主见。也比喻见识不广。,是真是假，要弄个明白，不能～，人云亦云。,《朱子语类》卷二十七正如矮人看戏一般，见前面人笑，他也笑，他虽眼不曾见，想必是好笑，便随他笑。”,crazywhalecc/idiom-database · MIT · 数据说明来自 pwxcoo/chinese-xinhua；原始文件：https://raw.githubusercontent.com/crazywhalecc/idiom-database/master/data/idiom.json,MIT（以源仓库声明为准）,四字词、拼音字段、释义字段、重复项检查通过,自动二审通过，待人工终审
source-023,矮子看戏,ǎi zǐ kàn xì,比喻只知道附和别人，自己没有主见。也比喻见识不广。,～何曾见，都是随人说短长。★清·赵翼《诗论》诗,《朱子语类》卷二十七正如矮人看戏一般，见前面人笑，他也笑，他虽眼不曾见，想必是好笑，便随他笑。”,crazywhalecc/idiom-database · MIT · 数据说明来自 pwxcoo/chinese-xinhua；原始文件：https://raw.githubusercontent.com/crazywhalecc/idiom-database/master/data/idiom.json,MIT（以源仓库声明为准）,四字词、拼音字段、释义字段、重复项检查通过,自动二审通过，待人工终审
source-024,蔼然可亲,ǎi rán kě qīn,蔼然对人和善的样子。形容态度和气，使人愿意接近。,早有那般世谊同年，见他翩翩风度，～，都愿和他亲近进来了。★清·文康《儿女英雄传》第三十八回,明·李开先《贺邑令贺洪滨奖异序》迄今才八阅月，绝从生之文法，除苛细之科条，虽若凛不可犯，而实蔼然可亲。”,crazywhalecc/idiom-database · MIT · 数据说明来自 pwxcoo/chinese-xinhua；原始文件：https://raw.githubusercontent.com/crazywhalecc/idiom-database/master/data/idiom.json,MIT（以源仓库声明为准）,四字词、拼音字段、释义字段、重复项检查通过,自动二审通过，待人工终审
source-025,爱不忍释,ài bù rěn shì,释放下。对所喜欢的物品，爱得拿在手里久久不肯放下。,得见钱唐陈小云司马《香畹楼忆语》钞本一种，～，亟问假归，手录展玩。★清·王维鋆《香畹楼忆语序一》,南朝·梁·萧统《陶渊明集序》余爱嗜其文，不能释手。”,crazywhalecc/idiom-database · MIT · 数据说明来自 pwxcoo/chinese-xinhua；原始文件：https://raw.githubusercontent.com/crazywhalecc/idiom-database/master/data/idiom.json,MIT（以源仓库声明为准）,四字词、拼音字段、释义字段、重复项检查通过,自动二审通过，待人工终审
source-026,爱才如渴,ài cái rú kě,才贤才，人才。爱慕贤才，急欲求得，就象口渴急于喝水一样。,宫保～，兄弟实在钦佩的。★清·刘鹗《老残游记》六回,清·叶燮《原诗·外篇上》嫉恶甚严，爱才若渴，此韩愈之面目也。”,crazywhalecc/idiom-database · MIT · 数据说明来自 pwxcoo/chinese-xinhua；原始文件：https://raw.githubusercontent.com/crazywhalecc/idiom-database/master/data/idiom.json,MIT（以源仓库声明为准）,四字词、拼音字段、释义字段、重复项检查通过,自动二审通过，待人工终审
source-027,爱才如命,ài cái rú mìng,才贤才，人才。爱慕贤才，急欲求得，就象生命一样重要。,本帅～，何必过谦？★《说岳全传》第三一回,语出清·叶燮《原诗·外篇上》嫉恶甚严，爱才若渴，此韩愈之面目也。”,crazywhalecc/idiom-database · MIT · 数据说明来自 pwxcoo/chinese-xinhua；原始文件：https://raw.githubusercontent.com/crazywhalecc/idiom-database/master/data/idiom.json,MIT（以源仓库声明为准）,四字词、拼音字段、释义字段、重复项检查通过,自动二审通过，待人工终审
source-028,爱才若渴,ài cái ruò kě,才贤才，人才。爱慕贤才，急欲求得，就象口渴急于喝水一样。,他们发现了佳人并非因为‘～’而做婊子的，佳人只为的是钱。★鲁迅《上海文艺之一瞥》,清·叶燮《原诗·外篇上》嫉恶甚严，爱才若渴，此韩愈之面目也。”,crazywhalecc/idiom-database · MIT · 数据说明来自 pwxcoo/chinese-xinhua；原始文件：https://raw.githubusercontent.com/crazywhalecc/idiom-database/master/data/idiom.json,MIT（以源仓库声明为准）,四字词、拼音字段、释义字段、重复项检查通过,自动二审通过，待人工终审
source-029,爱财如命,ài cái rú mìng,把钱财看得跟生命一样重要。形容极端吝啬。,那个人极端自私，～。,清·岭南羽衣女士《东欧女豪杰》第四回我想近来世界，不管什么英雄，什么豪杰，都是爱财如命，何况吃官司的，少不免要和那些狼官鼠吏交手，这更没钱不行了。”,crazywhalecc/idiom-database · MIT · 数据说明来自 pwxcoo/chinese-xinhua；原始文件：https://raw.githubusercontent.com/crazywhalecc/idiom-database/master/data/idiom.json,MIT（以源仓库声明为准）,四字词、拼音字段、释义字段、重复项检查通过,自动二审通过，待人工终审
source-030,爱富嫌贫,ài fù xián pín,嫌弃贫穷，喜爱富有。指对人的好恶以其贫富为准。,方信道贫居闹市无人问，富在深山有远亲。如今人～。★明·无名氏《贫富兴衰》第二折,元·关汉卿《裴度还带》第二折有那等嫌贫爱富的儿曹辈，将俺这贫傲慢、把他那富追陪，那个肯恤孤念寡存仁义。”,crazywhalecc/idiom-database · MIT · 数据说明来自 pwxcoo/chinese-xinhua；原始文件：https://raw.githubusercontent.com/crazywhalecc/idiom-database/master/data/idiom.json,MIT（以源仓库声明为准）,四字词、拼音字段、释义字段、重复项检查通过,自动二审通过，待人工终审
source-031,爱礼存羊,ài lǐ cún yáng,由于爱惜古礼，不忍使它废弛，因而保留古礼所需要的祭羊。比喻为维护根本而保留有关仪节。,本朝监学之法，虽参以天下之士，而于国子加厚矣。盖～，以有待也。★宋·陈亮《国子》,《论语·八佾》子贡欲去告朔之饩羊，子曰‘赐也，尔爱其羊，我爱其礼。’”,crazywhalecc/idiom-database · MIT · 数据说明来自 pwxcoo/chinese-xinhua；原始文件：https://raw.githubusercontent.com/crazywhalecc/idiom-database/master/data/idiom.json,MIT（以源仓库声明为准）,四字词、拼音字段、释义字段、重复项检查通过,自动二审通过，待人工终审
source-032,爱民如子,ài mín rú zǐ,旧时称赞某些统治者爱护百姓，就象爱护自己的子女一样。,一路地方官员馈送礼物，岳爷始终不受……只是吩咐他们学好做官，须要爱民如子，无负朝廷。★清·钱彩《说岳全传》第四八回,《礼记·中庸》子，庶民也。”汉·刘向《新序·杂事一》良君将赏善而除民患，爱民如子，盖之如天，容之若地。”,crazywhalecc/idiom-database · MIT · 数据说明来自 pwxcoo/chinese-xinhua；原始文件：https://raw.githubusercontent.com/crazywhalecc/idiom-database/master/data/idiom.json,MIT（以源仓库声明为准）,四字词、拼音字段、释义字段、重复项检查通过,自动二审通过，待人工终审
source-033,爱莫能助,ài mò néng zhù,爱爱惜；莫不。虽然心中关切同情，却没有力量帮助。,收到各处的回信，只是写些～”之类的抱歉话。★叶圣陶《得失》,《诗经·大雅·焌民》维仲山甫举之，爱莫助之。”,crazywhalecc/idiom-database · MIT · 数据说明来自 pwxcoo/chinese-xinhua；原始文件：https://raw.githubusercontent.com/crazywhalecc/idiom-database/master/data/idiom.json,MIT（以源仓库声明为准）,四字词、拼音字段、释义字段、重复项检查通过,自动二审通过，待人工终审
source-034,爱莫之助,ài mò zhī zhù,爱爱惜；莫不。虽然心中关切同情，却没有力量帮助。,晚虽家事不如初，而亲戚故旧之急难，族人子弟之美事，～，每致其倦倦之意，而人人常信之。★宋·陈亮《喻夏卿墓志铭》,《诗经·大雅·焌民》维仲山甫举之，爱莫助之。”,crazywhalecc/idiom-database · MIT · 数据说明来自 pwxcoo/chinese-xinhua；原始文件：https://raw.githubusercontent.com/crazywhalecc/idiom-database/master/data/idiom.json,MIT（以源仓库声明为准）,四字词、拼音字段、释义字段、重复项检查通过,自动二审通过，待人工终审
source-035,爱钱如命,ài qián rú mìng,某些人贪爱钱财就像吝啬生命一样。形容十分贪婪、刻薄。,1942年我在成都重见她的时候，她已经成了一个～的可笑的胖女人。★巴金《谈》,明·谢谠《四喜记·大宋毕姻》既称月老，又号冰人，爱钱如命，说谎能神，自家高媒婆是也。”,crazywhalecc/idiom-database · MIT · 数据说明来自 pwxcoo/chinese-xinhua；原始文件：https://raw.githubusercontent.com/crazywhalecc/idiom-database/master/data/idiom.json,MIT（以源仓库声明为准）,四字词、拼音字段、释义字段、重复项检查通过,自动二审通过，待人工终审
source-036,爱人以德,ài rén yǐ dé,爱人爱护别人；德德行。按照道德标准去爱护人。泛指对人不偏私偏爱，不姑息迁就。,轼闻琦语，曰公可谓～矣。”★《宋史·苏轼传》,《礼记·檀弓上》君子之爱人也以德，细人之爱人也以姑息。”,crazywhalecc/idiom-database · MIT · 数据说明来自 pwxcoo/chinese-xinhua；原始文件：https://raw.githubusercontent.com/crazywhalecc/idiom-database/master/data/idiom.json,MIT（以源仓库声明为准）,四字词、拼音字段、释义字段、重复项检查通过,自动二审通过，待人工终审
source-037,爱屋及乌,ài wū jí wū,因为爱一个人而连带爱他屋上的乌鸦。比喻爱一个人而连带地关心到与他有关的人或物。,子存宠上了小老婆，未免～”，把他也看得同上客一般。★清·吴趼人《二十年目睹之怪现状》第十四回,《尚书大传·大战》爱人者，兼其屋上之乌。”,crazywhalecc/idiom-database · MIT · 数据说明来自 pwxcoo/chinese-xinhua；原始文件：https://raw.githubusercontent.com/crazywhalecc/idiom-database/master/data/idiom.json,MIT（以源仓库声明为准）,四字词、拼音字段、释义字段、重复项检查通过,自动二审通过，待人工终审
source-038,爱惜羽毛,ài xī yǔ máo,羽毛比喻人的声望。比喻为珍惜自己的名声，行事十分谨慎。,灰鹤与他都是高傲的，～的，而他与它们的高傲只是一种姿态而已，没有用，没有任何的用。★老舍《四世同堂》五十,汉·刘向《说苑·杂言》夫君子爱口，孔雀爱羽，虎豹爱爪，此皆所以治身法也。”,crazywhalecc/idiom-database · MIT · 数据说明来自 pwxcoo/chinese-xinhua；原始文件：https://raw.githubusercontent.com/crazywhalecc/idiom-database/master/data/idiom.json,MIT（以源仓库声明为准）,四字词、拼音字段、释义字段、重复项检查通过,自动二审通过，待人工终审
source-039,暧昧不明,ài mèi bù míng,暧昧含糊，不清楚。指不清不楚，不明不白。形容态度不明朗，关系不鲜明。,武汉国民政府和当权军人对于这叛变采取了～的态度，办求化大事为小事”。★陶菊隐《北洋军阀统治时期史话》,清·文康《儿女英雄传》第八回又把你姑娘一片侠肠，埋没得暧昧不明，我安龙媒真真的愧悔无地！”,crazywhalecc/idiom-database · MIT · 数据说明来自 pwxcoo/chinese-xinhua；原始文件：https://raw.githubusercontent.com/crazywhalecc/idiom-database/master/data/idiom.json,MIT（以源仓库声明为准）,四字词、拼音字段、释义字段、重复项检查通过,自动二审通过，待人工终审
source-040,暧昧之情,ài mèi zhī qíng,行为不光明，内有不可告人的隐情。也指男女互相爱悦可能的私事。,而孤男寡女并外一室，不无～。★清·明教中人《好逑传》第十五回,明·冯梦龙《警世通言·三现身包龙图断冤》做知县时，便能剖人间暧昧之情，断天下狐疑之狱。”,crazywhalecc/idiom-database · MIT · 数据说明来自 pwxcoo/chinese-xinhua；原始文件：https://raw.githubusercontent.com/crazywhalecc/idiom-database/master/data/idiom.json,MIT（以源仓库声明为准）,四字词、拼音字段、释义字段、重复项检查通过,自动二审通过，待人工终审
source-041,安不忘危,ān bù wàng wēi,在安全的时候不忘记危难。意思是时刻谨慎小心，提高警惕。,何小姐是从苦境里过来的，如今得地身安，安不忘危，立志要成全起这份人家，立番事业。★清·文康《儿女英雄传》第三十回,《周易·系辞下》是故君子安而不忘危，存而不忘亡，治而不忘礼，是以身安而国家可保也。”,crazywhalecc/idiom-database · MIT · 数据说明来自 pwxcoo/chinese-xinhua；原始文件：https://raw.githubusercontent.com/crazywhalecc/idiom-database/master/data/idiom.json,MIT（以源仓库声明为准）,四字词、拼音字段、释义字段、重复项检查通过,自动二审通过，待人工终审
source-042,安步当车,ān bù dàng chē,安安详，不慌忙；安步缓缓步行。以从容的步行代替乘车。,每日到局只要把照例的公事办完，立刻回公馆吃饭，一到下午，便一个人～，出门逍遥自在去了。★清·李宝嘉《中国现在记》第七回,《战国策·齐策四》晚食以当肉，安步以当车，无罪以当贵，清静贞正以自虞。”,crazywhalecc/idiom-database · MIT · 数据说明来自 pwxcoo/chinese-xinhua；原始文件：https://raw.githubusercontent.com/crazywhalecc/idiom-database/master/data/idiom.json,MIT（以源仓库声明为准）,四字词、拼音字段、释义字段、重复项检查通过,自动二审通过，待人工终审
source-043,安常处顺,ān cháng chǔ shùn,安习惯于；处居住，居于；顺适合，如意。习惯于平稳的日子，处于顺利的境遇中。,～，以为社会一健全分子，以徐徐发达，人尽能之，岂待我辈。★清·梁启超《中国前途之希望与国民责任》,《庄子·养生主》安时而处顺，哀乐不能入也。”,crazywhalecc/idiom-database · MIT · 数据说明来自 pwxcoo/chinese-xinhua；原始文件：https://raw.githubusercontent.com/crazywhalecc/idiom-database/master/data/idiom.json,MIT（以源仓库声明为准）,四字词、拼音字段、释义字段、重复项检查通过,自动二审通过，待人工终审
source-044,安常守故,ān cháng shǒu gù,习惯于日常的平稳生活，保守旧的一套。指守旧不知变革。,他长期以来～，缺乏锻炼，因而经不起挫折。,明·海瑞《申军门吴尧便宜五事文》本院非安常守故人也。至任以来，千万人以鼓舞作兴，翻然改革望之矣。”,crazywhalecc/idiom-database · MIT · 数据说明来自 pwxcoo/chinese-xinhua；原始文件：https://raw.githubusercontent.com/crazywhalecc/idiom-database/master/data/idiom.json,MIT（以源仓库声明为准）,四字词、拼音字段、释义字段、重复项检查通过,自动二审通过，待人工终审
source-045,安常习故,ān cháng xí gù,习习惯；故旧例。安于常规，习惯旧例。形容按照常规和老套办事，守旧而不思变革。,彼～之流。★清·魏源《治篇七》,宋·刘挈《论人才》有安常习故乐于无事之论，有变古更法喜于敢为之论。”,crazywhalecc/idiom-database · MIT · 数据说明来自 pwxcoo/chinese-xinhua；原始文件：https://raw.githubusercontent.com/crazywhalecc/idiom-database/master/data/idiom.json,MIT（以源仓库声明为准）,四字词、拼音字段、释义字段、重复项检查通过,自动二审通过，待人工终审
source-046,安车蒲轮,ān chē pú lún,让被征请者坐在安车上，并用蒲叶包着车轮，以便行驶时车身更为安稳。表示皇帝对贤能者的优待。,申公待聘，～。★明·张岱《寿周霞城八十》,《汉书·武帝纪》遣使者安车蒲轮，束帛加壁，征鲁申公。”,crazywhalecc/idiom-database · MIT · 数据说明来自 pwxcoo/chinese-xinhua；原始文件：https://raw.githubusercontent.com/crazywhalecc/idiom-database/master/data/idiom.json,MIT（以源仓库声明为准）,四字词、拼音字段、释义字段、重复项检查通过,自动二审通过，待人工终审
source-047,安堵如故,ān dǔ rú gù,堵墙壁，居所。故原来的。像原来一样相安无事。,当涂、徽州、得以～，皆先生一谑之力也。★清·张岱《王谑庵先生传》,《史记·高祖本纪》诸吏人皆案堵如故。”汉·荀悦《汉纪·高祖纪》吏人皆安堵如故，民争献牛洒。”,crazywhalecc/idiom-database · MIT · 数据说明来自 pwxcoo/chinese-xinhua；原始文件：https://raw.githubusercontent.com/crazywhalecc/idiom-database/master/data/idiom.json,MIT（以源仓库声明为准）,四字词、拼音字段、释义字段、重复项检查通过,自动二审通过，待人工终审
source-048,安分守己,ān fèn shǒu jǐ,分本分。规矩老实，守本分，不做违法的事。,从此养好了，可要安分守己，再别胡行乱闹了。★清·曹雪芹《红楼梦》第七十二回,宋·袁文《翁牖闲评》八彼安分守己，恬于进取者，方且以道义自居，其肯如此侥幸乎？”,crazywhalecc/idiom-database · MIT · 数据说明来自 pwxcoo/chinese-xinhua；原始文件：https://raw.githubusercontent.com/crazywhalecc/idiom-database/master/data/idiom.json,MIT（以源仓库声明为准）,四字词、拼音字段、释义字段、重复项检查通过,自动二审通过，待人工终审
source-049,安富恤贫,ān fù xù pín,恤救济。使富有的人安定，贫穷的人得到救济。,各国都应采取一些～的措施，以保障社会的安定。,《周礼·地官·大司徒》以保息六养万民一曰慈幼，二曰养老，三曰振穷，四曰恤贫，五曰宽疾，六曰安富。”,crazywhalecc/idiom-database · MIT · 数据说明来自 pwxcoo/chinese-xinhua；原始文件：https://raw.githubusercontent.com/crazywhalecc/idiom-database/master/data/idiom.json,MIT（以源仓库声明为准）,四字词、拼音字段、释义字段、重复项检查通过,自动二审通过，待人工终审
source-050,安富恤穷,ān fù xù qióng,安定富有者，振济贫苦者。指统治者治国安民之道。,损不失富，优可赈穷，此乃古者～之善经，不可舍也。★唐·陆贽《均节赋税恤百姓六条》六,《周礼·地官·大司徒》以保息六养万民一曰慈幼，二曰养老，三曰振穷，四曰恤贫，五曰宽疾，六曰安富。”,crazywhalecc/idiom-database · MIT · 数据说明来自 pwxcoo/chinese-xinhua；原始文件：https://raw.githubusercontent.com/crazywhalecc/idiom-database/master/data/idiom.json,MIT（以源仓库声明为准）,四字词、拼音字段、释义字段、重复项检查通过,自动二审通过，待人工终审
source-051,安富尊荣,ān fù zūn róng,安安逸；富富有；尊尊贵；荣荣耀。安定富足，尊贵荣华。也指安于富裕安乐的生活。,主仆上下都是～，运筹谋画的竟无一个。★清·曹雪芹《红楼梦》第二回,《孟子·尽心上》君子居是国也，其君用之，则安富尊荣。”,crazywhalecc/idiom-database · MIT · 数据说明来自 pwxcoo/chinese-xinhua；原始文件：https://raw.githubusercontent.com/crazywhalecc/idiom-database/master/data/idiom.json,MIT（以源仓库声明为准）,四字词、拼音字段、释义字段、重复项检查通过,自动二审通过，待人工终审
source-052,安居乐业,ān jū lè yè,安安定；乐喜爱，愉快；业职业。指安定愉快地生活和劳动。,一家正～，不想安禄山兵乱，潼关失守，天子西幸。★明·冯梦龙《醒世恒言》卷六,《老子》第八十章民各甘其食，美其服，安其俗，乐其业，至老死不相往来。”《汉书·货殖列传》各安其居而乐其业，甘其食而美其服。”,crazywhalecc/idiom-database · MIT · 数据说明来自 pwxcoo/chinese-xinhua；原始文件：https://raw.githubusercontent.com/crazywhalecc/idiom-database/master/data/idiom.json,MIT（以源仓库声明为准）,四字词、拼音字段、释义字段、重复项检查通过,自动二审通过，待人工终审
source-053,安老怀少,ān lǎo huái shào,安安顿；怀关怀。尊重老人，使其安逸；关怀年轻人，使其信服。,诚为枉法营私，原王章所不宥；要知～，亦圣道之大同。★清·文康《儿女英雄传》第三十五回,《论语·公冶长》子路曰‘原闻子之志。’子曰‘老者安之，朋友信之，少者怀之。’”,crazywhalecc/idiom-database · MIT · 数据说明来自 pwxcoo/chinese-xinhua；原始文件：https://raw.githubusercontent.com/crazywhalecc/idiom-database/master/data/idiom.json,MIT（以源仓库声明为准）,四字词、拼音字段、释义字段、重复项检查通过,自动二审通过，待人工终审
source-054,安民告示,ān mín gào shì,安定人心的布告。现也指把要商量的或要办的事情预先通知大家。,开会要事先通知，像出～一样，让大家知道要讨论什么问题，解决什么问题，并且早做准备。★毛泽东《党委会的工作方法》,清·金念劬《避兵十日记》嘱两县速出安民告示，谕令店铺照常开张。”,crazywhalecc/idiom-database · MIT · 数据说明来自 pwxcoo/chinese-xinhua；原始文件：https://raw.githubusercontent.com/crazywhalecc/idiom-database/master/data/idiom.json,MIT（以源仓库声明为准）,四字词、拼音字段、释义字段、重复项检查通过,自动二审通过，待人工终审
source-055,安内攘外,ān nèi rǎng wài,攘排除。原就药的疗效而言◇多指安定内部，排除外患。,～之大经，富国强兵之远略。★孙中山《上李鸿章书》,汉·张仲景《伤寒论·太阳病上》甘草甘平，有安内攘外之能。”,crazywhalecc/idiom-database · MIT · 数据说明来自 pwxcoo/chinese-xinhua；原始文件：https://raw.githubusercontent.com/crazywhalecc/idiom-database/master/data/idiom.json,MIT（以源仓库声明为准）,四字词、拼音字段、释义字段、重复项检查通过,自动二审通过，待人工终审
source-056,安贫乐道,ān pín lè dào,道主张，思想。安于贫穷，以坚持自己的信念为乐。旧时士大夫所主张的为人处世之道。,劝人～是古今治国平天下的大经络，开过的方子也很多，但都没有十全大补的功效。★鲁迅《花边文学·安贫乐道法》,《后汉书·杨彪传》安贫乐道，恬于进趣，三辅诸儒莫不慕仰之。”,crazywhalecc/idiom-database · MIT · 数据说明来自 pwxcoo/chinese-xinhua；原始文件：https://raw.githubusercontent.com/crazywhalecc/idiom-database/master/data/idiom.json,MIT（以源仓库声明为准）,四字词、拼音字段、释义字段、重复项检查通过,自动二审通过，待人工终审
source-057,安然无恙,ān rán wú yàng,恙病。原指人平安没有疾病。现泛指事物平安未遭损害。,只求处士每岁元旦，作一朱幡，上图日月五星之文，立于苑东，吾辈则安然无恙矣。★明·冯梦龙《醒世恒言》第四卷,《战国策·齐策》岁亦无恙耶？民亦无恙耶？王亦无恙耶？。”,crazywhalecc/idiom-database · MIT · 数据说明来自 pwxcoo/chinese-xinhua；原始文件：https://raw.githubusercontent.com/crazywhalecc/idiom-database/master/data/idiom.json,MIT（以源仓库声明为准）,四字词、拼音字段、释义字段、重复项检查通过,自动二审通过，待人工终审
source-058,安忍无亲,ān rěn wú qīn,安忍习于残忍，不以为异。安心于做残忍的事情，因而无所谓亲人。,李世绩之～也，置父于窦建德之刃下而不恤。★清·王夫之《读通鉴论·唐高宗》,《左传·隐公四年》夫州吁阻兵而安忍。阻兵无众，安忍无亲。众叛亲离，难以济矣。”,crazywhalecc/idiom-database · MIT · 数据说明来自 pwxcoo/chinese-xinhua；原始文件：https://raw.githubusercontent.com/crazywhalecc/idiom-database/master/data/idiom.json,MIT（以源仓库声明为准）,四字词、拼音字段、释义字段、重复项检查通过,自动二审通过，待人工终审
source-059,安如盘石,ān rú pán shí,安安稳；盘石大石头。像盘石一样安稳不动。形容非常稳固，不可动摇。,立宪国皇室所以～者，道皆在是也。★清·梁启超《责任内阁释义》,荀况《荀子·富国》为名者否，为利者否，为忿者否，则国安于盘石，寿于旗翼。,crazywhalecc/idiom-database · MIT · 数据说明来自 pwxcoo/chinese-xinhua；原始文件：https://raw.githubusercontent.com/crazywhalecc/idiom-database/master/data/idiom.json,MIT（以源仓库声明为准）,四字词、拼音字段、释义字段、重复项检查通过,自动二审通过，待人工终审
source-060,安如磐石,ān rú pán shí,磐石大石头。如同磐石一般安然不动。形容非常稳固。,立宪国皇室所以～，道皆在是也。★清·梁启超《责任内阁释义》,《荀子·富国》为名者否，为利者否，为忿者否，则国安于磐石，寿于旗翼。”,crazywhalecc/idiom-database · MIT · 数据说明来自 pwxcoo/chinese-xinhua；原始文件：https://raw.githubusercontent.com/crazywhalecc/idiom-database/master/data/idiom.json,MIT（以源仓库声明为准）,四字词、拼音字段、释义字段、重复项检查通过,自动二审通过，待人工终审
source-061,安身立命,ān shēn lì mìng,安身在某处安下身来；立命精神有所寄托。指生活有着落，精神有所寄托。,那里是镇守边庭，用人之际，足可以～。★明·施耐庵《水浒全传》第二回,宋·释道原《景德传灯录》卷十僧问‘学人不据地时如何？’师云‘汝向什么处安身立命？’”,crazywhalecc/idiom-database · MIT · 数据说明来自 pwxcoo/chinese-xinhua；原始文件：https://raw.githubusercontent.com/crazywhalecc/idiom-database/master/data/idiom.json,MIT（以源仓库声明为准）,四字词、拼音字段、释义字段、重复项检查通过,自动二审通过，待人工终审
source-062,安土重迁,ān tǔ zhòng qiān,土乡土；重看得重，不轻易。安于本乡本土，不愿轻易迁移。,自古道～。”说了离乡背井，那一个不怕的。★明·冯梦龙《东周列国志》第七十八回,《汉书·元帝纪》安土重迁，黎民之性；骨肉相附，人情所愿也。”,crazywhalecc/idiom-database · MIT · 数据说明来自 pwxcoo/chinese-xinhua；原始文件：https://raw.githubusercontent.com/crazywhalecc/idiom-database/master/data/idiom.json,MIT（以源仓库声明为准）,四字词、拼音字段、释义字段、重复项检查通过,自动二审通过，待人工终审
source-063,安危相易,ān wēi xiāng yì,易变易，转变。平安与危难互为因果，相互转换。,～，祸福相生”，事之由妄想而成者，岂独胚胎然哉？★章炳麟《菌说》,《庄子·则阳》安危相易，祸福相生，缓解相摩，聚散以成。此名实之可纪，精微之可志也。”,crazywhalecc/idiom-database · MIT · 数据说明来自 pwxcoo/chinese-xinhua；原始文件：https://raw.githubusercontent.com/crazywhalecc/idiom-database/master/data/idiom.json,MIT（以源仓库声明为准）,四字词、拼音字段、释义字段、重复项检查通过,自动二审通过，待人工终审
source-064,安心乐意,ān xīn lè yì,原指心情安宁，情绪愉快◇多指内心情愿，十分愉快。,自己便～，在寺里住下。★清·吴趼人《九命奇冤》第二十五回,清·曹雪芹《红楼梦》第一百十四回我看二嫂子如今倒是安心乐意的孝敬我妈妈，比亲媳妇还强十倍呢。”,crazywhalecc/idiom-database · MIT · 数据说明来自 pwxcoo/chinese-xinhua；原始文件：https://raw.githubusercontent.com/crazywhalecc/idiom-database/master/data/idiom.json,MIT（以源仓库声明为准）,四字词、拼音字段、释义字段、重复项检查通过,自动二审通过，待人工终审
source-065,安营下寨,ān yíng xià zhài,安、下建立，安置；寨防守用的栅栏。指部队驻扎下来。也比喻建立临时的劳动或工作基地。,操曰吾料吕布有勇无谋，不足虑也。”教且～，再做商议。★明·罗贯中《三国演义》第十一回,元·无名氏《千里独行》杂剧楔子今领十万雄兵，来到这里，离徐州不远，清风岭安营下寨。”,crazywhalecc/idiom-database · MIT · 数据说明来自 pwxcoo/chinese-xinhua；原始文件：https://raw.githubusercontent.com/crazywhalecc/idiom-database/master/data/idiom.json,MIT（以源仓库声明为准）,四字词、拼音字段、释义字段、重复项检查通过,自动二审通过，待人工终审
source-066,安营扎寨,ān yíng zhā zhài,安、扎建立，安置；寨防守用的栅栏。指部队驻扎下来。也比喻建立临时的劳动或工作基地。,打什么地方进兵，打什么地方退兵，什么地方可以～，什么地方可以埋伏，指手画脚的讲了一通。★清·李宝嘉《官场现形记》第十四回,元·无名氏《两军师隔江斗智》第二折这周瑜匹夫，累累兴兵来索瘸荆州地面，如今在柴桑渡口安营扎寨，其意非小。”,crazywhalecc/idiom-database · MIT · 数据说明来自 pwxcoo/chinese-xinhua；原始文件：https://raw.githubusercontent.com/crazywhalecc/idiom-database/master/data/idiom.json,MIT（以源仓库声明为准）,四字词、拼音字段、释义字段、重复项检查通过,自动二审通过，待人工终审
source-067,安枕而卧,ān zhěn ér wò,放好枕头睡大觉。比喻太平无事，不必担忧。,孔子见疏，必弃鲁国而适他国，君可～矣。★明·冯梦龙《东周列国志》第七十九回,《史记·黥英列传》使布出于上计，山东非汉之有也；出于中计，胜败之数未可知也；出于下计，陛下安枕而卧矣。”,crazywhalecc/idiom-database · MIT · 数据说明来自 pwxcoo/chinese-xinhua；原始文件：https://raw.githubusercontent.com/crazywhalecc/idiom-database/master/data/idiom.json,MIT（以源仓库声明为准）,四字词、拼音字段、释义字段、重复项检查通过,自动二审通过，待人工终审
source-068,安之若素,ān zhī ruò sù,安安然，坦然；之代词，指人或物；素平常。安然相处，和往常一样，不觉得有什么不合适。,第二天宝小姐酒醒，很觉得过意不去◇来彼此熟了，见瞿太太常常如此，也就～了。★清·李宝嘉《官场现形记》第三十八回,清·范寅《越谚·附论·论堕贫》贪逸欲而逃勤苦，丧廉耻而习谄谀，甘居人下，安之若素。”,crazywhalecc/idiom-database · MIT · 数据说明来自 pwxcoo/chinese-xinhua；原始文件：https://raw.githubusercontent.com/crazywhalecc/idiom-database/master/data/idiom.json,MIT（以源仓库声明为准）,四字词、拼音字段、释义字段、重复项检查通过,自动二审通过，待人工终审
source-069,鞍马劳顿,ān mǎ láo dùn,顿困顿。骑马赶路过久，劳累疲困。形容旅途劳累。,恐王侄一路远来，～，故令王侄回营安歇。★清·钱彩《说岳全传》第四二回,元·杨显之《潇湘雨》第四折兴儿，我一路上鞍马劳顿，我权且歇息。”,crazywhalecc/idiom-database · MIT · 数据说明来自 pwxcoo/chinese-xinhua；原始文件：https://raw.githubusercontent.com/crazywhalecc/idiom-database/master/data/idiom.json,MIT（以源仓库声明为准）,四字词、拼音字段、释义字段、重复项检查通过,自动二审通过，待人工终审
source-070,鞍马之劳,ān mǎ zhī láo,鞍马鞍子和马，指长途跋涉或打仗。形容旅途或战斗的劳苦。,唐铉说此话以后再说。请到那边入座，少饮几杯水酒，以解二位～。”★姚雪垠《李自成》第三卷第三十四章,明·许仲琳《封神演义》第二十二回耳不闻兵戈之声，眼不见伐之事，身不受鞍马之劳，心不悬胜败之扰。”,crazywhalecc/idiom-database · MIT · 数据说明来自 pwxcoo/chinese-xinhua；原始文件：https://raw.githubusercontent.com/crazywhalecc/idiom-database/master/data/idiom.json,MIT（以源仓库声明为准）,四字词、拼音字段、释义字段、重复项检查通过,自动二审通过，待人工终审
source-071,按兵不动,àn bīng bù dòng,按止住。使军队暂不行动。现也比喻暂不开展工作。,又听得寨前炮响，史文恭～，只要等他入来，塌了陷坑，山后伏兵齐起，接应捉人。★明·施耐庵《水浒全传》第六十八回,《荀子·王制》偃然按兵不动。”《吕氏春秋·恃君览》赵简子按兵而不动。”,crazywhalecc/idiom-database · MIT · 数据说明来自 pwxcoo/chinese-xinhua；原始文件：https://raw.githubusercontent.com/crazywhalecc/idiom-database/master/data/idiom.json,MIT（以源仓库声明为准）,四字词、拼音字段、释义字段、重复项检查通过,自动二审通过，待人工终审
source-072,按步就班,àn bù jiù bān,指按照条理或遵循一定的程序。参见按部就班”。,学校却，没有这弊病。★鲁迅《书信集·致陶亢德》,语出晋·陆机《文赋》观古今于须臾，抚四海于一瞬。然后选义案部，考辞就班。”,crazywhalecc/idiom-database · MIT · 数据说明来自 pwxcoo/chinese-xinhua；原始文件：https://raw.githubusercontent.com/crazywhalecc/idiom-database/master/data/idiom.json,MIT（以源仓库声明为准）,四字词、拼音字段、释义字段、重复项检查通过,自动二审通过，待人工终审
source-073,按部就班,àn bù jiù bān,部、班门类，次序；就归于。按照一定的步骤、顺序进行。也指按老规矩办事，缺乏创新精神。,但黄公俊的祖父，他开始读了书，象一般读书人似的，他～的要将八股型的才学，货与帝王家”。★郑振铎《黄公俊之最后》,晋·陆机《文赋》然后选义案部，考辞就班。”,crazywhalecc/idiom-database · MIT · 数据说明来自 pwxcoo/chinese-xinhua；原始文件：https://raw.githubusercontent.com/crazywhalecc/idiom-database/master/data/idiom.json,MIT（以源仓库声明为准）,四字词、拼音字段、释义字段、重复项检查通过,自动二审通过，待人工终审
source-074,按图索骥,àn tú suǒ jì,索找；骥良马。按照画像去寻求好马。比喻墨守成规办事；也比喻按照线索去寻求。,每见一班～者，多失于骊黄牝牡。★明·赵沺《葬书问对》,《汉书·梅福传》今不循伯者之道，乃欲以三代选举之法取当时之士，犹察伯乐之图求骐骥于市，而不可得，变已明矣。”,crazywhalecc/idiom-database · MIT · 数据说明来自 pwxcoo/chinese-xinhua；原始文件：https://raw.githubusercontent.com/crazywhalecc/idiom-database/master/data/idiom.json,MIT（以源仓库声明为准）,四字词、拼音字段、释义字段、重复项检查通过,自动二审通过，待人工终审
source-075,按图索骏,àn tú suǒ jùn,指按照画像去寻求好马。比喻墨守成规办事；也比喻按照线索去寻求。参见按图索骥”。,虽部胥掌阙簿者，亦不过～。★宋·周密《癸辛杂识续集下·卖阙沈官人》,语出《汉书·梅福传》今不循伯者之道，乃欲以三代选举之法取当时之士，犹察伯乐之图求骐骥于市，而不可得，变已明矣。”,crazywhalecc/idiom-database · MIT · 数据说明来自 pwxcoo/chinese-xinhua；原始文件：https://raw.githubusercontent.com/crazywhalecc/idiom-database/master/data/idiom.json,MIT（以源仓库声明为准）,四字词、拼音字段、释义字段、重复项检查通过,自动二审通过，待人工终审
source-076,案无留牍,àn wú liú dú,桌案上没有积压的公文。形容办理公务干练、及时。,一应公事，张令都听他决断。真是～，狱无冤刑，民心大悦。★清·黄小配《洪秀全演义》,清·朱彝遵《商丘宋氏家乘》序一十七年，国奢示之以俭，事烦行之以简，月要岁会，久而案无留牍。”,crazywhalecc/idiom-database · MIT · 数据说明来自 pwxcoo/chinese-xinhua；原始文件：https://raw.githubusercontent.com/crazywhalecc/idiom-database/master/data/idiom.json,MIT（以源仓库声明为准）,四字词、拼音字段、释义字段、重复项检查通过,自动二审通过，待人工终审
source-077,暗度陈仓,àn dù chén cāng,指正面迷惑敌人，而从侧翼进行突然袭击。亦比喻暗中进行活动。陈仓，古县名，在今陕西省宝鸡市东，为通向汉中的交通孔道。,臣已算定今番诸葛亮必效韩信～之计。★《三国演义》第九六回,《史记·高祖本纪》……项王使卒三万人从，楚与诸侯之慕从者数万人，从杜南入蚀中。去辄烧绝栈道，以备诸侯盗兵袭之，亦示项羽无东意……八月，汉王用韩信之计，从故道还，袭雍王章邯—迎击汉陈仓，雍兵败，…,crazywhalecc/idiom-database · MIT · 数据说明来自 pwxcoo/chinese-xinhua；原始文件：https://raw.githubusercontent.com/crazywhalecc/idiom-database/master/data/idiom.json,MIT（以源仓库声明为准）,四字词、拼音字段、释义字段、重复项检查通过,自动二审通过，待人工终审
source-078,暗度金针,àn dù jīn zhēn,度通渡”，过渡，引申为传授◇用于比喻秘诀。又借指幕后交易。,日本政府，向来主张～，我国虽尚守中立，未曾加入协约团体，但日本如此举动，本使也很不赞成。★蔡东藩《民国演义》第六十回,见唐·冯翊子休《桂苑丛谈·史遗》。传说有名叫郑采珠的姑娘，七夕祭织女，织女送她一根金针，从此她刺绣的技能更为精巧。,crazywhalecc/idiom-database · MIT · 数据说明来自 pwxcoo/chinese-xinhua；原始文件：https://raw.githubusercontent.com/crazywhalecc/idiom-database/master/data/idiom.json,MIT（以源仓库声明为准）,四字词、拼音字段、释义字段、重复项检查通过,自动二审通过，待人工终审
source-079,暗渡陈仓,àn dù chén cāng,渡越过；陈仓古县名，在今陕西省宝鸡市东。比喻用造假象的手段来达到某种目的。也隐喻男女私通。,孤家用韩信之计，明修栈道，～，攻定三秦，动取五国。★元·无名氏《气英布》第一折,元·无名氏《暗渡陈仓》第二折着樊哙明修栈道，俺可暗度陈仓古道。这楚兵不知是智，必然排兵在栈道守把。俺往陈仓古道抄截，杀他个措手不及也。”,crazywhalecc/idiom-database · MIT · 数据说明来自 pwxcoo/chinese-xinhua；原始文件：https://raw.githubusercontent.com/crazywhalecc/idiom-database/master/data/idiom.json,MIT（以源仓库声明为准）,四字词、拼音字段、释义字段、重复项检查通过,自动二审通过，待人工终审
source-080,暗箭伤人,àn jiàn shāng rén,放冷箭伤害人。比喻暗地里用某种手段伤害人。,有荼毒生灵的强盗，有～的强盗。★清·李汝珍《镜花缘》第五十八回,宋·刘炎《迩言》卷六暗箭中人，其深次骨，人之怨之，亦必次骨，以其掩人所不备也。”,crazywhalecc/idiom-database · MIT · 数据说明来自 pwxcoo/chinese-xinhua；原始文件：https://raw.githubusercontent.com/crazywhalecc/idiom-database/master/data/idiom.json,MIT（以源仓库声明为准）,四字词、拼音字段、释义字段、重复项检查通过,自动二审通过，待人工终审
source-081,暗室不欺,àn shì bù qī,在没有人看见的地方，也不做见不得人的事。,知县生平～，既读孔、孟之书，怎敢行盗跖之事？★明·冯梦龙《醒世恒言》卷十三,唐·骆宾王《萤火赋》类君子之有道，入暗室而不欺。”,crazywhalecc/idiom-database · MIT · 数据说明来自 pwxcoo/chinese-xinhua；原始文件：https://raw.githubusercontent.com/crazywhalecc/idiom-database/master/data/idiom.json,MIT（以源仓库声明为准）,四字词、拼音字段、释义字段、重复项检查通过,自动二审通过，待人工终审
source-082,暗室欺心,àn shì qī xīn,在黑暗的屋子里昧着良心做坏事。指偷偷地做坏事。,方信道暗室亏心，难逃他神目如电。★《元曲选·无名氏三》,宋·陈元靓《事林广记·卷九·警世格言》人间私语，天闻若雷，暗室欺心，神目如电。”,crazywhalecc/idiom-database · MIT · 数据说明来自 pwxcoo/chinese-xinhua；原始文件：https://raw.githubusercontent.com/crazywhalecc/idiom-database/master/data/idiom.json,MIT（以源仓库声明为准）,四字词、拼音字段、释义字段、重复项检查通过,自动二审通过，待人工终审
source-083,暗送秋波,àn sòng qiū bō,旧时比喻美女的眼睛象秋天明净的水波一样。指暗中眉目传情。,对张（作霖）则～，对曹（锟）尤密切勾结。★蔡东藩、许廑父《民国通俗演义》第一二四回,宋·苏轼《百步洪》诗之二佳人未肯回秋波，幼舆欲语防飞梭。”,crazywhalecc/idiom-database · MIT · 数据说明来自 pwxcoo/chinese-xinhua；原始文件：https://raw.githubusercontent.com/crazywhalecc/idiom-database/master/data/idiom.json,MIT（以源仓库声明为准）,四字词、拼音字段、释义字段、重复项检查通过,自动二审通过，待人工终审
source-084,暗无天日,àn wú tiān rì,昏暗得看不到天上的日光。形容在反动势力统治下社会的黑暗。,上自王后，下至弄臣，骇得凝结着的神色也应声活动起来，似乎感到～的悲哀。★鲁迅《故事新编·铸剑》,清·蒲松龄《聊斋志异·老龙船户》剖腹沉石，惨冤已甚，而木雕之有司，绝不少关痛痒，岂特粤东之暗无天日哉！”,crazywhalecc/idiom-database · MIT · 数据说明来自 pwxcoo/chinese-xinhua；原始文件：https://raw.githubusercontent.com/crazywhalecc/idiom-database/master/data/idiom.json,MIT（以源仓库声明为准）,四字词、拼音字段、释义字段、重复项检查通过,自动二审通过，待人工终审
source-085,暗香疏影,àn xiāng shū yǐng,暗香清幽的香气；疏影稀疏的枝影。原形容梅花的香味和姿态，后被用为梅花的代称。,两个站在小桥上，疏影暗香，自甘清冷，屋后山冈积雪如银，背着手玩赏。★清·陈忱《水浒后传》第十四回,宋·林逋《林和靖集·卷二·山园小梅》诗疏影横斜水清浅，暗香浮动月黄昏”,crazywhalecc/idiom-database · MIT · 数据说明来自 pwxcoo/chinese-xinhua；原始文件：https://raw.githubusercontent.com/crazywhalecc/idiom-database/master/data/idiom.json,MIT（以源仓库声明为准）,四字词、拼音字段、释义字段、重复项检查通过,自动二审通过，待人工终审
source-086,暗中摸索,àn zhōng mō suǒ,摸索寻求，探索。在黑暗中寻找◇比喻没有人指导，独自钻研。,先生有志于木刻，是极好的事，但访木刻家是无益的，因为就是已有成绩的木刻家，也还在～。★《鲁迅书信集·致沈振黄》,唐·刘餸《隋唐嘉话》许敬宗性轻傲，见人多忘之。或谓其不聪。曰‘卿自难记，若遇何（何逊）、刘（刘孝绰）、沈（沈约）、谢（谢眺），暗中摸索者亦可识之。’”,crazywhalecc/idiom-database · MIT · 数据说明来自 pwxcoo/chinese-xinhua；原始文件：https://raw.githubusercontent.com/crazywhalecc/idiom-database/master/data/idiom.json,MIT（以源仓库声明为准）,四字词、拼音字段、释义字段、重复项检查通过,自动二审通过，待人工终审
source-087,黯淡无光,àn dàn wú guāng,黯淡同暗淡”，不明亮，昏暗。形容失去光彩。,但是这个电报却又引起了张勋的不愉快，因为，他的十三省盟主地位因此而～。★陶菊隐《北洋军阀统治时期史话》第二十四章,清·文康《儿女英雄传》第三十四回头上戴一个黯淡无光的亮蓝顶儿，那枝俏摆春风的孔雀瓴已经虫蛀的剩了光杆儿了。”,crazywhalecc/idiom-database · MIT · 数据说明来自 pwxcoo/chinese-xinhua；原始文件：https://raw.githubusercontent.com/crazywhalecc/idiom-database/master/data/idiom.json,MIT（以源仓库声明为准）,四字词、拼音字段、释义字段、重复项检查通过,自动二审通过，待人工终审
source-088,黯然失色,àn rán shī sè,黯然心里不舒服、情绪低落的样子；失色因惊恐而变以脸色。本指心怀不好，脸色难看◇多比喻相形之下很有差距，远远不如。,所有同类题材的绘画和它比较起来，都～。★秦牧《艺海拾贝·〈最后的晚餐〉》,南朝·梁·江淹《别赋》黯然销魂者，惟别而已矣。”李善注黯然，失色貌”,crazywhalecc/idiom-database · MIT · 数据说明来自 pwxcoo/chinese-xinhua；原始文件：https://raw.githubusercontent.com/crazywhalecc/idiom-database/master/data/idiom.json,MIT（以源仓库声明为准）,四字词、拼音字段、释义字段、重复项检查通过,自动二审通过，待人工终审
source-089,黯然销魂,àn rán xiāo hún,黯然心怀沮丧、面色难看的样子；销魂灵魂离开肉体。心怀沮丧得好象丢了魂似的。形容非常悲伤或愁苦。,无言独上西楼”，深闺的空寥，弥漫在漠漠的冥色里，离情别绪，～！★郭枫《且饮一杯寂寞》,南朝·梁·江淹《别赋》黯然销魂者，惟别而已矣。”,crazywhalecc/idiom-database · MIT · 数据说明来自 pwxcoo/chinese-xinhua；原始文件：https://raw.githubusercontent.com/crazywhalecc/idiom-database/master/data/idiom.json,MIT（以源仓库声明为准）,四字词、拼音字段、释义字段、重复项检查通过,自动二审通过，待人工终审
source-090,卬首信眉,áng shǒu shēn méi,信，通伸”。昂首伸眉。形容意气昂扬，不随波逐流。,随行逐队，则有持禄之讥；～，则有出位之戒，是亦何荣之有哉！★宋朱熹《答汪尚书书》,《汉书·司马迁传》今已专职形为埽除之隶，在阥茸之中，乃欲卬首信眉，论列是非，不亦轻朝廷，羞当世之士邪！”,crazywhalecc/idiom-database · MIT · 数据说明来自 pwxcoo/chinese-xinhua；原始文件：https://raw.githubusercontent.com/crazywhalecc/idiom-database/master/data/idiom.json,MIT（以源仓库声明为准）,四字词、拼音字段、释义字段、重复项检查通过,自动二审通过，待人工终审
source-091,昂首天外,áng shǒu tiān wài,抬起头望着天边。形容态度傲慢，或做事脱离实际。,某些人做事不从实际出发，往往～。,清·归庄《王大痴像赞》昂其首，睅其目，举觞而望青天者，是为王大痴。”,crazywhalecc/idiom-database · MIT · 数据说明来自 pwxcoo/chinese-xinhua；原始文件：https://raw.githubusercontent.com/crazywhalecc/idiom-database/master/data/idiom.json,MIT（以源仓库声明为准）,四字词、拼音字段、释义字段、重复项检查通过,自动二审通过，待人工终审
source-092,昂首望天,áng shǒu wàng tiān,仰起头，望着天。喻指眼光向上，作风浮泛，不肯放下架子、深入基层。,要做这件事，第一是眼睛向下，不要只是～。★毛泽东《〈农村调查〉的序言和跋》,清·归庄《王大痴像赞》昂其首，睅其目，举觞而望青天者，是为王大痴。”,crazywhalecc/idiom-database · MIT · 数据说明来自 pwxcoo/chinese-xinhua；原始文件：https://raw.githubusercontent.com/crazywhalecc/idiom-database/master/data/idiom.json,MIT（以源仓库声明为准）,四字词、拼音字段、释义字段、重复项检查通过,自动二审通过，待人工终审
source-093,昂头挺胸,áng tóu tǐng xiōng,抬起头，挺起胸膛。形容斗志高，士气旺。参见昂首挺胸”。,你看！提到内战，就连妇人女子都反对啦……”～，老老师欣喜地叫出来。★沙汀《范老老师》,语出欧阳予情《小英姑娘》她伸开两手昂首挺胸，狂了似的往外跑。”,crazywhalecc/idiom-database · MIT · 数据说明来自 pwxcoo/chinese-xinhua；原始文件：https://raw.githubusercontent.com/crazywhalecc/idiom-database/master/data/idiom.json,MIT（以源仓库声明为准）,四字词、拼音字段、释义字段、重复项检查通过,自动二审通过，待人工终审
source-094,昂霄耸壑,áng xiāo sǒng hè,昂高；壑峪。高出霄汉，耸立山壑。形容才能杰出，建树宏大功业。也形容志气高昂，胸怀广阔。,昔余识夫人之子稚年，固已得其～之气。★宋·陈亮《祭叶正则母夫人文》,宋·陆游《剑南诗稿·凌霄花》卷三十四古来豪杰少人知，昂霄耸壑宁自期。”,crazywhalecc/idiom-database · MIT · 数据说明来自 pwxcoo/chinese-xinhua；原始文件：https://raw.githubusercontent.com/crazywhalecc/idiom-database/master/data/idiom.json,MIT（以源仓库声明为准）,四字词、拼音字段、释义字段、重复项检查通过,自动二审通过，待人工终审
source-095,嗷嗷待哺,áo áo dài bǔ,嗷嗷哀鸣声；待等待；哺喂食。饥饿时急于求食的样子。形容受饥饿的悲惨情景。,文章尽可在别的刊物上发表，对于～的创造社的几种刊物却一字也不肯飞来。★郭沫若《学生时代·创造十年续编》,《诗经·小雅·鸿雁》鸿雁于飞，哀鸣嗷嗷。”汉·荀悦《前汉纪·成帝纪三》作治数年，天下遍被其劳，国家疲弊，府库空虚，下至众庶，嗷嗷苦之。”,crazywhalecc/idiom-database · MIT · 数据说明来自 pwxcoo/chinese-xinhua；原始文件：https://raw.githubusercontent.com/crazywhalecc/idiom-database/master/data/idiom.json,MIT（以源仓库声明为准）,四字词、拼音字段、释义字段、重复项检查通过,自动二审通过，待人工终审
source-096,聱牙佶屈,áo yá jí qū,聱牙不顺口；佶屈曲折。指文章读起来不顺口。,我今赠君亦无物，但有～村田诗。★元·戴元表《剡源集·寿陈贵白,唐·韩愈《进学解》周浩殷盘，佶屈聱牙。”,crazywhalecc/idiom-database · MIT · 数据说明来自 pwxcoo/chinese-xinhua；原始文件：https://raw.githubusercontent.com/crazywhalecc/idiom-database/master/data/idiom.json,MIT（以源仓库声明为准）,四字词、拼音字段、释义字段、重复项检查通过,自动二审通过，待人工终审
source-097,謷牙诘屈,áo yá jié qū,同诘屈聱牙”。謷，通聱”。诘屈同佶屈”，曲折，引申为不顺畅；謷牙读起来拗口、别扭。形容文字晦涩艰深，难懂难读。,我今赠君亦无物，但有～村田诗。★元·戴元表《剡源集·寿陈贵白》,语出唐·韩愈《进学解》周浩殷盘，佶屈聱牙。”,crazywhalecc/idiom-database · MIT · 数据说明来自 pwxcoo/chinese-xinhua；原始文件：https://raw.githubusercontent.com/crazywhalecc/idiom-database/master/data/idiom.json,MIT（以源仓库声明为准）,四字词、拼音字段、释义字段、重复项检查通过,自动二审通过，待人工终审
source-098,鳌掷鲸吞,áo zhì jīng tūn,比喻文辞气势磅礴，跌宕起伏。亦作鳌掷鲸呿”。,至于杜之涵地负，韩之鳌掷鲸呿，尚有所未逮。★清宋荦《漫堂说诗》三,明·陈汝元《金莲记·偕计》龙浮马负之图，已曾抉奥运会；鳌掷鲸吞之句，无不深研。”,crazywhalecc/idiom-database · MIT · 数据说明来自 pwxcoo/chinese-xinhua；原始文件：https://raw.githubusercontent.com/crazywhalecc/idiom-database/master/data/idiom.json,MIT（以源仓库声明为准）,四字词、拼音字段、释义字段、重复项检查通过,自动二审通过，待人工终审
source-099,傲睨万物,ào nì wàn wù,睨斜视。斜着眼看一切事物。形容目空一切，什么都瞧不起。,……益自尊大，宝自有而～。★鲁迅《文化偏至论》,宋·黄庭坚《豫章文集·卷二十六·跋俞秀老清老诗颂》清老往与余共学于涟水，其傲睨万物，滑稽以玩世，白首不哀”。,crazywhalecc/idiom-database · MIT · 数据说明来自 pwxcoo/chinese-xinhua；原始文件：https://raw.githubusercontent.com/crazywhalecc/idiom-database/master/data/idiom.json,MIT（以源仓库声明为准）,四字词、拼音字段、释义字段、重复项检查通过,自动二审通过，待人工终审
source-100,傲睨一切,ào nì yī qiè,睨斜视。斜着眼看一切事物。形容目空一切，什么都瞧不起。,更有那放荡不羁，～，偏低首下心，作儿女之态。★清·魏秀仁《花月痕》第一回,宋·黄庭坚《豫章文集·卷二十六·跋俞秀老清老诗颂》清老往与余共学于涟水，其傲睨万物，滑稽以玩世，白首不哀”。,crazywhalecc/idiom-database · MIT · 数据说明来自 pwxcoo/chinese-xinhua；原始文件：https://raw.githubusercontent.com/crazywhalecc/idiom-database/master/data/idiom.json,MIT（以源仓库声明为准）,四字词、拼音字段、释义字段、重复项检查通过,自动二审通过，待人工终审
source-101,傲睨一世,ào nì yī shì,睨斜视。高傲地旁观，对当代的一切都不看在眼里。形容傲慢自负，目空一切。,辽字睿达，幼挺拔不群，长而好学尚友，～。★《宋史·沈辽传》,宋·朱熹《朱子语类》卷三十四便有傲睨一世，污浊朝廷之意。”宋·高斯得《耻堂存稿·留赵给事奏札》但其再来，遂负虚骄之气，傲睨一世，自以人莫能及。”,crazywhalecc/idiom-database · MIT · 数据说明来自 pwxcoo/chinese-xinhua；原始文件：https://raw.githubusercontent.com/crazywhalecc/idiom-database/master/data/idiom.json,MIT（以源仓库声明为准）,四字词、拼音字段、释义字段、重复项检查通过,自动二审通过，待人工终审
source-102,傲睨自若,ào nì zì ruò,睨斜视；自若指满不在乎。形容自高自大、藐视一切的样子。,简雍在城下唤门。（刘）璋令开门接入。雍坐在车中，傲睨自若。★明·罗贯中《三国演义》第六十五回,宋·王谠《唐语林·豪爽》郑太穆郎中为金州刺史，一日忽致书于襄阳于司空頴，其言恳切，而傲睨自若，似无郡僚之礼。”,crazywhalecc/idiom-database · MIT · 数据说明来自 pwxcoo/chinese-xinhua；原始文件：https://raw.githubusercontent.com/crazywhalecc/idiom-database/master/data/idiom.json,MIT（以源仓库声明为准）,四字词、拼音字段、释义字段、重复项检查通过,自动二审通过，待人工终审
source-103,傲雪凌霜,ào xuě líng shuāng,形容不畏霜雪严寒，外界条件越艰苦越有精神。比喻经过长期磨练，面对冷酷迫害或打击毫不示弱、无所畏惧。傲，傲慢、蔑视。,如松柏之性，～。★清·钱泳《履园丛话·谭诗·总论》,宋·杨无咎《柳梢青》傲雪凌霜，平欺寒力，搀借春光。”,crazywhalecc/idiom-database · MIT · 数据说明来自 pwxcoo/chinese-xinhua；原始文件：https://raw.githubusercontent.com/crazywhalecc/idiom-database/master/data/idiom.json,MIT（以源仓库声明为准）,四字词、拼音字段、释义字段、重复项检查通过,自动二审通过，待人工终审
source-104,傲雪欺霜,ào xuě qī shuāng,形容不畏霜雪严寒，外界条件越艰苦越有精神。比喻经过长期磨练，面对冷酷迫害或打击毫不示弱、无所畏惧。傲，傲慢、蔑视。,玉骨冰肌谁可匹，～夺第一。★元·吴昌龄《张天师》第三折,元·吴昌龄《张天师》梅花云我这梅花……玉骨冰肌谁可匹，傲雪凌霜夺第一。”,crazywhalecc/idiom-database · MIT · 数据说明来自 pwxcoo/chinese-xinhua；原始文件：https://raw.githubusercontent.com/crazywhalecc/idiom-database/master/data/idiom.json,MIT（以源仓库声明为准）,四字词、拼音字段、释义字段、重复项检查通过,自动二审通过，待人工终审
source-105,八百孤寒,bā bǎi gū hán,八百形容很多；孤寒指贫寒的读书人。形容人数众多，处境贫寒的读书人。也比喻贫寒之士失去依靠。,小谪陈芳现在身，人间何事敝精神。幔亭仙客休相待，～要此人。★清·黄景仁《两当轩集·十四·岁暮怀人》,五代·王定保《唐摭言·好放孤寒》八百孤寒齐下泪，一时南望李崖州。”,crazywhalecc/idiom-database · MIT · 数据说明来自 pwxcoo/chinese-xinhua；原始文件：https://raw.githubusercontent.com/crazywhalecc/idiom-database/master/data/idiom.json,MIT（以源仓库声明为准）,四字词、拼音字段、释义字段、重复项检查通过,自动二审通过，待人工终审
source-106,八拜之交,bā bài zhī jiāo,八拜原指古代世交子弟谒见长辈的礼节；交友谊。旧时朋友结为兄弟的关系。,今日在圣贤炉前成了～，有福同享，有马同骑。★清·李绿园《歧路灯》第二十回,宋·邵伯温《闻见后录》丰稷谒潞公，公着道出，语之曰汝父吾客也，只八拜。稷不得已，只拜之。”,crazywhalecc/idiom-database · MIT · 数据说明来自 pwxcoo/chinese-xinhua；原始文件：https://raw.githubusercontent.com/crazywhalecc/idiom-database/master/data/idiom.json,MIT（以源仓库声明为准）,四字词、拼音字段、释义字段、重复项检查通过,自动二审通过，待人工终审
source-107,八窗玲珑,bā chuāng líng lóng,①指四壁窗户轩敞，室内通彻明亮。②比喻通达明澈的修养境界。,而今须是要打破那黑底虚静，换做个白底虚静，则～，无不融通。★《朱子语类》卷一百,唐·卢纶《赋得彭祖楼送杨德宗归徐州幕》诗四户八窗明，玲珑逼上清。”,crazywhalecc/idiom-database · MIT · 数据说明来自 pwxcoo/chinese-xinhua；原始文件：https://raw.githubusercontent.com/crazywhalecc/idiom-database/master/data/idiom.json,MIT（以源仓库声明为准）,四字词、拼音字段、释义字段、重复项检查通过,自动二审通过，待人工终审
source-108,八方呼应,bā fāng hū yìng,呼应彼此声气相通。泛指周围、各地。形容各方面互通声气，互相配合。,中国申办奥运的计划一提出，立即八方呼应，群情激奋。,余秋雨《寂寞天柱山》三我认为，天柱山之所以能给古人一种居家感，一个比较现实的原因是它地处江淮平原，四相钩连，八方呼应，水陆交通畅达，虽幽深而无登高之苦，虽奇丽而无柴米之匮，总而言之，既宁静又方便。”,crazywhalecc/idiom-database · MIT · 数据说明来自 pwxcoo/chinese-xinhua；原始文件：https://raw.githubusercontent.com/crazywhalecc/idiom-database/master/data/idiom.json,MIT（以源仓库声明为准）,四字词、拼音字段、释义字段、重复项检查通过,自动二审通过，待人工终审
source-109,八面玲珑,bā miàn líng lóng,玲珑精巧细致，指人灵活、敏捷。本指窗户明亮轩敞◇用来形容人处世圆滑，待人接物面面俱到。,原来宝廷的为人，是～，却十分落拓。★清·曾朴《孽海花》第七回,唐·卢纶《赋得彭祖楼送杨宗德归徐州幕》诗四户八窗明，玲珑逼上清。”宋·夏元鼎《满庭芳》词虽是无为清静，依然要八面玲珑。”,crazywhalecc/idiom-database · MIT · 数据说明来自 pwxcoo/chinese-xinhua；原始文件：https://raw.githubusercontent.com/crazywhalecc/idiom-database/master/data/idiom.json,MIT（以源仓库声明为准）,四字词、拼音字段、释义字段、重复项检查通过,自动二审通过，待人工终审
source-110,八面威风,bā miàn wēi fēng,威风令人敬畏的气势。各个方面都很威风。形容神气足，声势盛。,年龄不到五十许，体态虽十分端丽，神情却八面威风。★清·曾朴《孽海花》第十二回,元·尚仲贤《单鞭夺槊》第四折圣天子百灵相助，大将军八面威风。”,crazywhalecc/idiom-database · MIT · 数据说明来自 pwxcoo/chinese-xinhua；原始文件：https://raw.githubusercontent.com/crazywhalecc/idiom-database/master/data/idiom.json,MIT（以源仓库声明为准）,四字词、拼音字段、释义字段、重复项检查通过,自动二审通过，待人工终审
source-111,八万四千,bā wàn sì qiān,本为佛教表示事物众多的数字，后用以形容极多。,～颠倒想，与君同付醉眠中。★宋·陆游《醉歌》,《法华经·宝塔品》若持八万四千法藏，十二部经，为人演说。”,crazywhalecc/idiom-database · MIT · 数据说明来自 pwxcoo/chinese-xinhua；原始文件：https://raw.githubusercontent.com/crazywhalecc/idiom-database/master/data/idiom.json,MIT（以源仓库声明为准）,四字词、拼音字段、释义字段、重复项检查通过,自动二审通过，待人工终审
source-112,八仙过海,bā xiān guò hǎi,相传八仙过海时不用舟船，各有一套法术。民间因有八仙过海，各显神通”的谚语◇以比喻各自拿出本领或办法，互相竞赛。,说得好，咱们就～吧！★老舍《茶馆》第一幕,明·无名氏《八仙过海》第二折则俺这八仙过海神通大，方显这众圣归山道法强，端的万古名扬。”,crazywhalecc/idiom-database · MIT · 数据说明来自 pwxcoo/chinese-xinhua；原始文件：https://raw.githubusercontent.com/crazywhalecc/idiom-database/master/data/idiom.json,MIT（以源仓库声明为准）,四字词、拼音字段、释义字段、重复项检查通过,自动二审通过，待人工终审
source-113,八音迭奏,bā yīn dié zòu,八音古代对乐器的统称；迭交互，轮流。八类乐器轮番演奏。表示器乐齐全，演奏场面盛大。,又有谓大八音匣者，与衣厢等。触其机，～，恍如有十数人弹唱焉。★清·淮阴百一居士《壶天录》卷中,《晋书·乐志下》八音迭奏，雅乐并作。”,crazywhalecc/idiom-database · MIT · 数据说明来自 pwxcoo/chinese-xinhua；原始文件：https://raw.githubusercontent.com/crazywhalecc/idiom-database/master/data/idiom.json,MIT（以源仓库声明为准）,四字词、拼音字段、释义字段、重复项检查通过,自动二审通过，待人工终审
source-114,八音遏密,bā yīn è mì,遏阻止；密寂静。各种乐器停止演奏，乐声寂静。旧指皇帝死后停乐举哀◇也用以形容国家元首之死。,奉梓南归四载迟，～寄哀思。★柳亚子《中山先生奉安大典志哀》,《尚书·舜曲》三载，四海遏密八音。”,crazywhalecc/idiom-database · MIT · 数据说明来自 pwxcoo/chinese-xinhua；原始文件：https://raw.githubusercontent.com/crazywhalecc/idiom-database/master/data/idiom.json,MIT（以源仓库声明为准）,四字词、拼音字段、释义字段、重复项检查通过,自动二审通过，待人工终审
source-115,八字打开,bā zì dǎ kāi,象八”字那样，撇、捺向两边分开。原意是放着正路不走，却走歪门邪道。也形容门路很宽。,这事已～，请大家多提建议。,宋·朱熹《与刘子澄书》圣贤已是八字打开了，但人自不领会，却向外狂走耳。”,crazywhalecc/idiom-database · MIT · 数据说明来自 pwxcoo/chinese-xinhua；原始文件：https://raw.githubusercontent.com/crazywhalecc/idiom-database/master/data/idiom.json,MIT（以源仓库声明为准）,四字词、拼音字段、释义字段、重复项检查通过,自动二审通过，待人工终审
source-116,巴巴结结,bā bā jiē jiē,①勉强，凑合。②勤恳；辛劳。③形容说话不流利。,他～地说不了几句。,①《京本通俗小说·错斩崔宁》光阴迅速，大娘子在家巴巴结结将近一年。”②《古今小说任·孝子烈性为神》任珪天明起来，辞了父亲入城去了。每日巴巴结结，早出晚回。”,crazywhalecc/idiom-database · MIT · 数据说明来自 pwxcoo/chinese-xinhua；原始文件：https://raw.githubusercontent.com/crazywhalecc/idiom-database/master/data/idiom.json,MIT（以源仓库声明为准）,四字词、拼音字段、释义字段、重复项检查通过,自动二审通过，待人工终审
source-117,巴人下里,bā rén xià lǐ,①即下里巴人。古代楚国流行的民间歌曲。用以称流俗的音乐。巴，古国名，在今四川东部一带，古为楚地。下里，乡里。②泛指粗俗的。,张寅道晚生末学，‘～’之词只好涂饰闾里，怎敢陈于老太师山斗之下。”★《平山冷燕》第十七回,南朝·梁简文帝《与湘东王书》故玉微金铣，反为拙目所嗤；《巴人下里》，更合郢中之听。”,crazywhalecc/idiom-database · MIT · 数据说明来自 pwxcoo/chinese-xinhua；原始文件：https://raw.githubusercontent.com/crazywhalecc/idiom-database/master/data/idiom.json,MIT（以源仓库声明为准）,四字词、拼音字段、释义字段、重复项检查通过,自动二审通过，待人工终审
source-118,拔本塞源,bá běn sè yuán,本根本，根源。拔起树根，塞住水源。比喻防患除害要从根本上打主意。,这也是个好办法，而且简单易行，不过还不是～之计。★郭沫若《郑成功》第五章,《左传·昭公九年》伯父若裂冠毁冕，拔本塞原，专弃谋主，虽戎狄其何有余一人。”,crazywhalecc/idiom-database · MIT · 数据说明来自 pwxcoo/chinese-xinhua；原始文件：https://raw.githubusercontent.com/crazywhalecc/idiom-database/master/data/idiom.json,MIT（以源仓库声明为准）,四字词、拼音字段、释义字段、重复项检查通过,自动二审通过，待人工终审
source-119,拔萃出群,bá cuì chū qún,拔超出。萃原谓草丛生的样子，引伸为聚集，指聚集在一处的人或物。超出一般，在众人之上。,曾不能～，扬芳飞文，登天庭，序彝伦，扫六合之秽。★汉·蔡邕《释诲》,《孟子·公孙丑上》出于其类，拔乎其萃，自生民以来，未有盛于孔子也。”,crazywhalecc/idiom-database · MIT · 数据说明来自 pwxcoo/chinese-xinhua；原始文件：https://raw.githubusercontent.com/crazywhalecc/idiom-database/master/data/idiom.json,MIT（以源仓库声明为准）,四字词、拼音字段、释义字段、重复项检查通过,自动二审通过，待人工终审
source-120,拔地倚天,bá dì yǐ tiān,拔突出，耸出。倚倚傍，贴近。从地面突兀而起，贴近天际。比喻高大突出，气势雄伟。,那悬崖之上，一株株苍松翠柏～，傲然屹立。,唐·孙樵《与王霖秀才书》譬玉川子《月蚀诗》、杨司城《华山赋》、韩吏部《进学解》……莫不拔地倚天，句句欲活。”,crazywhalecc/idiom-database · MIT · 数据说明来自 pwxcoo/chinese-xinhua；原始文件：https://raw.githubusercontent.com/crazywhalecc/idiom-database/master/data/idiom.json,MIT（以源仓库声明为准）,四字词、拼音字段、释义字段、重复项检查通过,自动二审通过，待人工终审
source-121,拔来报往,bá lái fù wǎng,报通赴”，迅速≤快地来，很快地去。形容频繁地奔来奔去。,少顷，以足床来，置地上，促客坐；又入，携短足几至，～，蹀躞甚劳。★清·蒲松龄《聊斋志异·阿纤》,《礼记少仪》毋拔来，毋报往。”,crazywhalecc/idiom-database · MIT · 数据说明来自 pwxcoo/chinese-xinhua；原始文件：https://raw.githubusercontent.com/crazywhalecc/idiom-database/master/data/idiom.json,MIT（以源仓库声明为准）,四字词、拼音字段、释义字段、重复项检查通过,自动二审通过，待人工终审
source-122,拔茅连茹,bá máo lián rú,茅白茅，一种多年生的草；茹植物根部互相牵连的样子。比喻互相推荐，用一个人就连带引进许多人。,袁既病死，黎、段登台，～，弹冠相庆，徐遂入任为院秘书长。★蔡东藩、许廑父《民国通俗演义》第七十九回,《周易·泰》拔茅茹以其汇。”,crazywhalecc/idiom-database · MIT · 数据说明来自 pwxcoo/chinese-xinhua；原始文件：https://raw.githubusercontent.com/crazywhalecc/idiom-database/master/data/idiom.json,MIT（以源仓库声明为准）,四字词、拼音字段、释义字段、重复项检查通过,自动二审通过，待人工终审
source-123,拔苗助长,bá miáo zhù zhǎng,比喻违反事物发展的客观规律，急于求成，反而坏事。,那种不顾学生能否接受的填鸭式的教学方法，无异于～。,《孟子·公孙丑上》宋人有闵其苗之不长而揠之者，茫茫然归，谓其人曰‘今日病矣，予助苗长矣。’其子趋而往视之，苗则槁矣。”,crazywhalecc/idiom-database · MIT · 数据说明来自 pwxcoo/chinese-xinhua；原始文件：https://raw.githubusercontent.com/crazywhalecc/idiom-database/master/data/idiom.json,MIT（以源仓库声明为准）,四字词、拼音字段、释义字段、重复项检查通过,自动二审通过，待人工终审
source-124,拔山盖世,bá shān gài shì,盖世超越天下人，世上第一。力能拔掉大山，形容力大勇猛，当代无比。,则～之雄，几乎其为若敖之鬼矣。★明·张岱《募造无主祠堂疏》,《史记·项羽本纪》于是项王乃悲歌慷慨，自为诗曰‘力拔山兮气盖世，时不利兮骓不逝。’”,crazywhalecc/idiom-database · MIT · 数据说明来自 pwxcoo/chinese-xinhua；原始文件：https://raw.githubusercontent.com/crazywhalecc/idiom-database/master/data/idiom.json,MIT（以源仓库声明为准）,四字词、拼音字段、释义字段、重复项检查通过,自动二审通过，待人工终审
source-125,拔山扛鼎,bá shān gāng dǐng,扛双手举起。拔起大山，举起重鼎。形容力气很大。,汉祖入关破秦而楚后之～，力大过人。★宋·邵雍《皇极经世绪言》第二卷,《史记·项羽本纪》力能扛鼎，才气过人。”又于是项王乃悲歌慷慨，自为诗曰‘力拔山兮气盖世，时不利兮骓不逝。’”,crazywhalecc/idiom-database · MIT · 数据说明来自 pwxcoo/chinese-xinhua；原始文件：https://raw.githubusercontent.com/crazywhalecc/idiom-database/master/data/idiom.json,MIT（以源仓库声明为准）,四字词、拼音字段、释义字段、重复项检查通过,自动二审通过，待人工终审
source-126,拔十得五,bá shí dé wǔ,拔盐，推荐。想盐十个，结果只选得五个。指盐人才不容易。,谓～而可得其半，故匿瑕含垢而求其长致。★宋陈师道《谢胡运使启》,《新唐书·张九龄传》夫吏部尚书、侍郎，以贤而授者也，岂不能知人？如知之难，拔十得五，斯可矣。”,crazywhalecc/idiom-database · MIT · 数据说明来自 pwxcoo/chinese-xinhua；原始文件：https://raw.githubusercontent.com/crazywhalecc/idiom-database/master/data/idiom.json,MIT（以源仓库声明为准）,四字词、拼音字段、释义字段、重复项检查通过,自动二审通过，待人工终审
source-127,拔新领异,bá xīn lǐng yì,拔抽出；新新意；领具有；异指独特之处。指创立新意，提出独特的见解。,公风神英迈，意气倾倒，～之谈，登峰造极之理，萧然如晋、宋间人物。★宋·杨万里《石湖先生大资参政范公文集序》,南朝·宋·刘义庆《世说新语·文学》支道林拔新领异，胸怀所及乃自佳，卿欲见不？”,crazywhalecc/idiom-database · MIT · 数据说明来自 pwxcoo/chinese-xinhua；原始文件：https://raw.githubusercontent.com/crazywhalecc/idiom-database/master/data/idiom.json,MIT（以源仓库声明为准）,四字词、拼音字段、释义字段、重复项检查通过,自动二审通过，待人工终审
source-128,拔宅飞升,bá zhái fēi shēng,拔拔起；宅住宅。古代传说修道的人全家同升仙界。参见拔宅上升”。,生曰得卿如此，吾何忧！顾念一人得道，～。余将远逝，一切付之于卿。”★清薄松龄《聊斋志异·白于玉》,语出《太平广记》卷十四引《十二真君传·许真君》真君以东晋孝武帝太康二年八月一日，于洪州西山，举家四十二口，拔宅上升而去。”,crazywhalecc/idiom-database · MIT · 数据说明来自 pwxcoo/chinese-xinhua；原始文件：https://raw.githubusercontent.com/crazywhalecc/idiom-database/master/data/idiom.json,MIT（以源仓库声明为准）,四字词、拼音字段、释义字段、重复项检查通过,自动二审通过，待人工终审
source-129,拔宅上升,bá zhái shàng shēng,拔拔起；宅住宅。古代传说修道的人全家同升仙界。,秋先，汝功行圆满，吾已申奏上帝，有旨封汝为护花使者，专管人间百花。令汝～。★明·冯梦龙《醒世恒言》卷四,《太平广记》卷十四引《十二真君传·许真君》真君以东晋孝武帝太康二年八月一日，于洪州西山，举家四十二口，拔宅上升而去。”,crazywhalecc/idiom-database · MIT · 数据说明来自 pwxcoo/chinese-xinhua；原始文件：https://raw.githubusercontent.com/crazywhalecc/idiom-database/master/data/idiom.json,MIT（以源仓库声明为准）,四字词、拼音字段、释义字段、重复项检查通过,自动二审通过，待人工终审
source-130,跋前踬后,bá qián zhì hòu,跋踩；踬被绊倒。本指狼向前进就踩住了自己的颈肉，向后退又会被自己的尾巴绊倒。比喻进退两难。,无事之时，望影藏匿，～，日不聊生。★清·纪昀《阅微草堂笔记·滦阳续录,《诗经·豳风·狼跋》狼跋其胡，载痜其尾。”唐·韩愈《昌黎集·卷十二·近学解》然而公不见信于人，私不见助于友。跋前踬后，动辄得咎”。,crazywhalecc/idiom-database · MIT · 数据说明来自 pwxcoo/chinese-xinhua；原始文件：https://raw.githubusercontent.com/crazywhalecc/idiom-database/master/data/idiom.json,MIT（以源仓库声明为准）,四字词、拼音字段、释义字段、重复项检查通过,自动二审通过，待人工终审
source-131,跋山涉水,bá shān shè shuǐ,跋山翻过山岭；涉水用脚趟着水渡过大河。翻山越岭，趟水过河。形容走远路的艰苦。,同样的青春，同样的年龄，有人～，为改变祖国一穷二白的面貌而感到莫大的幸福。★魏巍《路标》,《诗经·鄘风·载驰》大夫跋涉，我心则忧。”《左传·襄公二十八年》跋山涉水，蒙犯霜露。”,crazywhalecc/idiom-database · MIT · 数据说明来自 pwxcoo/chinese-xinhua；原始文件：https://raw.githubusercontent.com/crazywhalecc/idiom-database/master/data/idiom.json,MIT（以源仓库声明为准）,四字词、拼音字段、释义字段、重复项检查通过,自动二审通过，待人工终审
source-132,把素持斋,bǎ sù chí zhāi,把遵守。斋斋戒。指信佛者遵守吃素，坚持戒律。,人人善念看经，个个～。★明·无名氏《万国来朝》第一折,元·无名氏《女姑姑》三折念佛心把素持斋，不食荤啖柏。”,crazywhalecc/idiom-database · MIT · 数据说明来自 pwxcoo/chinese-xinhua；原始文件：https://raw.githubusercontent.com/crazywhalecc/idiom-database/master/data/idiom.json,MIT（以源仓库声明为准）,四字词、拼音字段、释义字段、重复项检查通过,自动二审通过，待人工终审
source-133,罢黜百家,bā chù bǎi jiā,罢黜废弃不用。原指排除诸子杂说，专门推行儒家学说。也比喻只要一种形式，不要其他形式。,……只认朗诵词和诗。笔者却不能够赞成这～”的作风★朱自清《论朗诵诗》,《汉书·武帝纪赞》孝武初立，卓然罢黜百家，表章《六经》。”,crazywhalecc/idiom-database · MIT · 数据说明来自 pwxcoo/chinese-xinhua；原始文件：https://raw.githubusercontent.com/crazywhalecc/idiom-database/master/data/idiom.json,MIT（以源仓库声明为准）,四字词、拼音字段、释义字段、重复项检查通过,自动二审通过，待人工终审
source-134,霸王别姬,bà wáng bié jī,姬指西楚霸王项羽的宠妾虞姬。形容英雄末路的悲壮情景。现多比喻独断专行，脱离群众，最终垮台。,不是有一出戏叫《～》吗？这些同志如果总是不改，难免有一天要别姬”就是了。★毛泽东《在扩大的中央工作会议上的讲话》,《史记·项羽本纪》记载霸王项羽在和刘邦夺封建统治权的战争中，最后兵败，自知大势已去，在突围前夕，不得不和虞姬决别。,crazywhalecc/idiom-database · MIT · 数据说明来自 pwxcoo/chinese-xinhua；原始文件：https://raw.githubusercontent.com/crazywhalecc/idiom-database/master/data/idiom.json,MIT（以源仓库声明为准）,四字词、拼音字段、释义字段、重复项检查通过,自动二审通过，待人工终审
source-135,白白朱朱,bái bái zhū zhū,白的白，红的红。形容不同种类、色彩各异的花木。,风风雨雨又春穷，～已眼空。★宋·杨万里《又和风雨二首》,唐·韩愈《感春三首》诗晨游百花林，朱朱兼白白。”,crazywhalecc/idiom-database · MIT · 数据说明来自 pwxcoo/chinese-xinhua；原始文件：https://raw.githubusercontent.com/crazywhalecc/idiom-database/master/data/idiom.json,MIT（以源仓库声明为准）,四字词、拼音字段、释义字段、重复项检查通过,自动二审通过，待人工终审
source-136,白璧青蝇,bái bì qīng yíng,白璧洁白的玉，比喻清白的人。青蝇比喻佞人。比喻善恶忠佞。,为臣子莫贵忠和孝，继美于今有凤毛，～何足较。★《群音类选》,唐·陈子昴《胡楚真禁所》诗青蝇一相点，白璧遂成冤。”,crazywhalecc/idiom-database · MIT · 数据说明来自 pwxcoo/chinese-xinhua；原始文件：https://raw.githubusercontent.com/crazywhalecc/idiom-database/master/data/idiom.json,MIT（以源仓库声明为准）,四字词、拼音字段、释义字段、重复项检查通过,自动二审通过，待人工终审
source-137,白璧三献,bái bì sān xiàn,楚人和氏得玉璞，两献楚王，两遭刖足。第三次王使治璞，得白玉，琢以为璧，世称和氏璧”。比喻不识良材或怀才不遇。,明珠暗投反按剑，～还遭刖。★明·何景明《田子行》,见《韩非子·和氏》。,crazywhalecc/idiom-database · MIT · 数据说明来自 pwxcoo/chinese-xinhua；原始文件：https://raw.githubusercontent.com/crazywhalecc/idiom-database/master/data/idiom.json,MIT（以源仓库声明为准）,四字词、拼音字段、释义字段、重复项检查通过,自动二审通过，待人工终审
source-138,白璧微瑕,bái bì wēi xiá,洁白的玉上有些羞点。比喻很好的人或物有些小缺点，美中不足。,智者千虑，必有一失，然而这小毛病只是～而已。,南朝·梁·萧统《陶渊明集序》白璧微瑕，惟在《闲情》一赋。”,crazywhalecc/idiom-database · MIT · 数据说明来自 pwxcoo/chinese-xinhua；原始文件：https://raw.githubusercontent.com/crazywhalecc/idiom-database/master/data/idiom.json,MIT（以源仓库声明为准）,四字词、拼音字段、释义字段、重复项检查通过,自动二审通过，待人工终审
source-139,白璧无瑕,bái bì wú xiá,洁白的美玉上面没有一点羞。比喻人或事物完美无缺。,虽以小姐～，何畏乎青蝇，然青蝇日集亦可憎恨耳。★明·名教中人《好俅传》第七回,宋·释道原《景德传灯录》卷十三问‘不曾博览空王教略，借玄机试道看。’师曰‘白玉无瑕，卞和刖足。’”,crazywhalecc/idiom-database · MIT · 数据说明来自 pwxcoo/chinese-xinhua；原始文件：https://raw.githubusercontent.com/crazywhalecc/idiom-database/master/data/idiom.json,MIT（以源仓库声明为准）,四字词、拼音字段、释义字段、重复项检查通过,自动二审通过，待人工终审
source-140,白发丹心,bái fà dān xīn,丹心赤诚之心。形容年迈苍老，仍然怀有一颗赤诚之心。,牧羊驱马虽戎服，～尽汉臣。★唐·杜牧《河湟》诗,《汉书·苏武传》记载苏武出使匈奴，被扣十九年，丹心一片，及还，须发皆白的故事。,crazywhalecc/idiom-database · MIT · 数据说明来自 pwxcoo/chinese-xinhua；原始文件：https://raw.githubusercontent.com/crazywhalecc/idiom-database/master/data/idiom.json,MIT（以源仓库声明为准）,四字词、拼音字段、释义字段、重复项检查通过,自动二审通过，待人工终审
source-141,白发千丈,bái fà qiān zhàng,形容头发既白且长，表示人因愁思过重而容颜衰老。,凡此诸人，今皆安往？我虽独存，～。★宋·刘克庄《后村全集·祭林寒斋文》第一百三十八卷,唐·李白《秋浦歌》诗白发三千丈，缘愁似个长。不知明镜里，何处得秋霜。”,crazywhalecc/idiom-database · MIT · 数据说明来自 pwxcoo/chinese-xinhua；原始文件：https://raw.githubusercontent.com/crazywhalecc/idiom-database/master/data/idiom.json,MIT（以源仓库声明为准）,四字词、拼音字段、释义字段、重复项检查通过,自动二审通过，待人工终审
source-142,白圭之玷,bái guī zhī diàn,白玉圭上的一个斑点。比喻人或物大体很好，只是有些小缺点。,也不过～，并非晚节不终。★鲁迅《且介亭杂文末编·关于太炎先生二三事》,《诗经·大雅·抑》白圭之玷，尚可磨也；斯言之玷，不可为也。”,crazywhalecc/idiom-database · MIT · 数据说明来自 pwxcoo/chinese-xinhua；原始文件：https://raw.githubusercontent.com/crazywhalecc/idiom-database/master/data/idiom.json,MIT（以源仓库声明为准）,四字词、拼音字段、释义字段、重复项检查通过,自动二审通过，待人工终审
source-143,白虹贯日,bái hóng guàn rì,白色的长虹穿日而过。古人认为人间有不平凡的事，就会引起这种天象的变化。实际上这不是虹而是晕，是一种大气光学现象。,且休说～，青龙藏池。★元·王实甫《丽春堂》第二折,《战国策·魏策四》聂政之刺韩傀也，白虹贯日。”《史记·鲁仲连邹阳列传》昔者荆轲慕燕丹之义，白虹贯日，太子畏之。”,crazywhalecc/idiom-database · MIT · 数据说明来自 pwxcoo/chinese-xinhua；原始文件：https://raw.githubusercontent.com/crazywhalecc/idiom-database/master/data/idiom.json,MIT（以源仓库声明为准）,四字词、拼音字段、释义字段、重复项检查通过,自动二审通过，待人工终审
source-144,白驹过隙,bái jū guò xì,白驹白色骏马，比喻太阳；隙缝隙。象凶马在细小的缝隙前跑过一样。形容时间过得极快。,～，日月穿梭，才见梅开腊底，又早天气回阳。★明·兰陵笑笑生《金瓶梅词话》第二回,《庄子·知北游》人生天地之间，若白驹之过卻，忽然而已。”,crazywhalecc/idiom-database · MIT · 数据说明来自 pwxcoo/chinese-xinhua；原始文件：https://raw.githubusercontent.com/crazywhalecc/idiom-database/master/data/idiom.json,MIT（以源仓库声明为准）,四字词、拼音字段、释义字段、重复项检查通过,自动二审通过，待人工终审
source-145,白龙鱼服,bái lóng yú fú,鱼服穿起鱼的外衣。白龙化为鱼在渊中游。比喻帝王或大官吏隐藏身分，改装出行。,相公～，隐姓潜名。倘或途中小辈不识高低，有毁相公者，何以处之？★明·冯梦龙《警世通言》卷四,汉·刘向《说苑·正谏》昔日龙下清冷之渊，化为鱼，渔者豫且射中其目。” 汉·张衡《东京赋》白龙鱼服，见困豫且。”,crazywhalecc/idiom-database · MIT · 数据说明来自 pwxcoo/chinese-xinhua；原始文件：https://raw.githubusercontent.com/crazywhalecc/idiom-database/master/data/idiom.json,MIT（以源仓库声明为准）,四字词、拼音字段、释义字段、重复项检查通过,自动二审通过，待人工终审
source-146,白面书生,bái miàn shū shēng,指缺乏阅历经验的读书人。也指面孔白净的读书人。,雪儿呵，偏则把～奚落。★明·汤显祖《牡丹亭》第二十二出,《宋书·沈庆之传》陛下今欲伐国，而与白面书生辈谋之，事何由济。”,crazywhalecc/idiom-database · MIT · 数据说明来自 pwxcoo/chinese-xinhua；原始文件：https://raw.githubusercontent.com/crazywhalecc/idiom-database/master/data/idiom.json,MIT（以源仓库声明为准）,四字词、拼音字段、释义字段、重复项检查通过,自动二审通过，待人工终审
source-147,白日飞升,bái rì fēi shēng,犹白日升天。道教谓人修炼得道后，白昼飞升天界成仙◇喻指一朝显贵。,左壁挂‘黄鹤楼～’，右壁悬‘洞庭湖三番渡过’。★明·兰陵笑笑生《金瓶梅词话》第三九回,《全元散曲·喜春来》黄金转世人何在，白日飞升谁见来。”,crazywhalecc/idiom-database · MIT · 数据说明来自 pwxcoo/chinese-xinhua；原始文件：https://raw.githubusercontent.com/crazywhalecc/idiom-database/master/data/idiom.json,MIT（以源仓库声明为准）,四字词、拼音字段、释义字段、重复项检查通过,自动二审通过，待人工终审
source-148,白日见鬼,bái rì jiàn guǐ,大白天看见鬼。指工部四曹无事可做，非常清闲◇泛指事情离奇古怪或无中生有。,八戒道哥啊，我们连日造化低了。这两日～！那个化风去的老儿是谁？”★明·吴承恩《西游记》第二十一回,宋·陆游《老学庵笔记》工、屯、虞、水，白日见鬼。”,crazywhalecc/idiom-database · MIT · 数据说明来自 pwxcoo/chinese-xinhua；原始文件：https://raw.githubusercontent.com/crazywhalecc/idiom-database/master/data/idiom.json,MIT（以源仓库声明为准）,四字词、拼音字段、释义字段、重复项检查通过,自动二审通过，待人工终审
source-149,白日升天,bái rì shēng tiān,原是道教指白昼升天成为神仙◇比喻一下子富贵起来。,遂去，悉度其妻妾，于是金氏门中两代～。”★鲁迅《中国文学史略》第二十六篇,汉·应劭《风俗通·正失》俗说淮南王安招致宾客方术之士数千人，作《鸿宝苑祕》枕中之书，铸成黄白，白日升天。”,crazywhalecc/idiom-database · MIT · 数据说明来自 pwxcoo/chinese-xinhua；原始文件：https://raw.githubusercontent.com/crazywhalecc/idiom-database/master/data/idiom.json,MIT（以源仓库声明为准）,四字词、拼音字段、释义字段、重复项检查通过,自动二审通过，待人工终审
source-150,白色恐怖,bái sè kǒng bù,白惨白。指反动派残酷镇压人民的恐怖气氛。,鲁迅先生对于白色恐怖毫不畏惧，一直把密信和文稿珍藏着。,鲁迅《且介亭杂文·关于新文字》然而他们却深知道新文字对于劳苦大众有利，所以在弥漫着白色恐怖的地方，这新文字是一定要受摧残的。”,crazywhalecc/idiom-database · MIT · 数据说明来自 pwxcoo/chinese-xinhua；原始文件：https://raw.githubusercontent.com/crazywhalecc/idiom-database/master/data/idiom.json,MIT（以源仓库声明为准）,四字词、拼音字段、释义字段、重复项检查通过,自动二审通过，待人工终审
source-151,白手起家,bái shǒu qǐ jiā,白手空手；起家创建家业。形容在没有基础和条件很差的情况下自力更生，艰苦创业。,你看，他发了多少财，～，靠的是谁？如今也忘了水源头了，墙上的草，两边倒着呢。★丁玲《太阳照在桑干河上》,《朱子语类》卷一０七今士大夫白屋起家，以致荣显。”,crazywhalecc/idiom-database · MIT · 数据说明来自 pwxcoo/chinese-xinhua；原始文件：https://raw.githubusercontent.com/crazywhalecc/idiom-database/master/data/idiom.json,MIT（以源仓库声明为准）,四字词、拼音字段、释义字段、重复项检查通过,自动二审通过，待人工终审
source-152,白首穷经,bái shǒu qióng jīng,直至年纪老了还在钻研经籍，犹言活到老，学到老。,兹予绩服之初，日思讲议之益，谓～之乐，尚可推以与人。★宋·苏辙《范镇可侍读太一宫使告词》,唐·韩偓《赠易卜崔江处士》白首穷经通秘义，青山养老度危时。”,crazywhalecc/idiom-database · MIT · 数据说明来自 pwxcoo/chinese-xinhua；原始文件：https://raw.githubusercontent.com/crazywhalecc/idiom-database/master/data/idiom.json,MIT（以源仓库声明为准）,四字词、拼音字段、释义字段、重复项检查通过,自动二审通过，待人工终审
source-153,白首同归,bái shǒu tóng guī,归归向、归宿。一直到头发白了，志趣依然相投。形容友谊长久，始终不渝◇用以表示都是老人而同时去世。,当君～日，是我青山独往时。★唐·白居易《九年十一月十一日感事而作》诗,晋·潘岳《金谷集作诗》春荣谁不慕，岁寒良独希；投分寄石友，白首同所归。”,crazywhalecc/idiom-database · MIT · 数据说明来自 pwxcoo/chinese-xinhua；原始文件：https://raw.githubusercontent.com/crazywhalecc/idiom-database/master/data/idiom.json,MIT（以源仓库声明为准）,四字词、拼音字段、释义字段、重复项检查通过,自动二审通过，待人工终审
source-154,白叟黄童,bái sǒu huáng tóng,白头发的老人和黄头发的孩子。泛指老老少少。,城乡内外，红男绿女，～，联袂往观者，何止千万人！★清·壮者《扫迷帚》第九回,明·无名氏《衣锦还乡》第四折仰赖圣德仁慈，白叟黄童，焚香顶礼，俺永享快乐也。”,crazywhalecc/idiom-database · MIT · 数据说明来自 pwxcoo/chinese-xinhua；原始文件：https://raw.githubusercontent.com/crazywhalecc/idiom-database/master/data/idiom.json,MIT（以源仓库声明为准）,四字词、拼音字段、释义字段、重复项检查通过,自动二审通过，待人工终审
source-155,白天见鬼,bái tiān jiàn guǐ,比喻虚妄荒诞，不可能出现的事。同白日见鬼”。,周炳一面说‘我的时运太低，～！’说罢回身想走。★欧阳山《苦斗》十二,老舍《四世同堂》二九他太注意老二的无聊了，而始终以为老二的不敢到学校去是白天见鬼。”,crazywhalecc/idiom-database · MIT · 数据说明来自 pwxcoo/chinese-xinhua；原始文件：https://raw.githubusercontent.com/crazywhalecc/idiom-database/master/data/idiom.json,MIT（以源仓库声明为准）,四字词、拼音字段、释义字段、重复项检查通过,自动二审通过，待人工终审
source-156,白头如新,bái tóu rú xīn,白头头发白了；新新交。指交朋友彼此不能了解，时间虽久，仍跟刚认识一样。,而八年之间，语言不接，吉凶不相问吊，反有～之嫌。★宋·陈亮《与应仲书》,汉·邹阳《狱中上书自明》语曰白头如新，倾盖如故，何则？”《史记·鲁仲连邹阳列传》谚曰‘有白头如新，倾盖如故。’何则？知与不知也。”,crazywhalecc/idiom-database · MIT · 数据说明来自 pwxcoo/chinese-xinhua；原始文件：https://raw.githubusercontent.com/crazywhalecc/idiom-database/master/data/idiom.json,MIT（以源仓库声明为准）,四字词、拼音字段、释义字段、重复项检查通过,自动二审通过，待人工终审
source-157,白头偕老,bái tóu xié lǎo,白头头发白；偕共同。夫妻相亲相爱，一直到老。,我原说过，她不会跟你～的。★巴金《寒夜》,《诗经·卫风·氓》及尔偕老。”明·陆采《怀香记·奉诏班师》孩儿，我与你母亲白头偕老，富贵双全。”,crazywhalecc/idiom-database · MIT · 数据说明来自 pwxcoo/chinese-xinhua；原始文件：https://raw.githubusercontent.com/crazywhalecc/idiom-database/master/data/idiom.json,MIT（以源仓库声明为准）,四字词、拼音字段、释义字段、重复项检查通过,自动二审通过，待人工终审
source-158,白雪阳春,bái xuě yáng chūn,原指战国时代楚国的一种较高级的歌曲。比喻高深的不通俗的文学艺术。,高山流水千年调，～万古情。★崔时佩《西厢记·琴心写恨》,战国·楚·宋玉《对楚王问》其为《阳阿》、《薤露》，国中属而和者数百人，其为《阳春》、《白雪》，国中属而和者不过数十人而已。”,crazywhalecc/idiom-database · MIT · 数据说明来自 pwxcoo/chinese-xinhua；原始文件：https://raw.githubusercontent.com/crazywhalecc/idiom-database/master/data/idiom.json,MIT（以源仓库声明为准）,四字词、拼音字段、释义字段、重复项检查通过,自动二审通过，待人工终审
source-159,白衣苍狗,bái yī cāng gǒu,苍灰白色。浮云象白衣裳，顷刻又变得象苍狗。比喻事物变化不定。,正是～多翻覆，沧海桑田几变更。★明·张景《飞丸记·梨园鼓吹》,唐·杜甫《可叹诗》天上浮云似白衣，斯须改变如苍狗。”,crazywhalecc/idiom-database · MIT · 数据说明来自 pwxcoo/chinese-xinhua；原始文件：https://raw.githubusercontent.com/crazywhalecc/idiom-database/master/data/idiom.json,MIT（以源仓库声明为准）,四字词、拼音字段、释义字段、重复项检查通过,自动二审通过，待人工终审
source-160,白衣卿相,bái yī qīng xiàng,古时指进士。唐代人极看重进士，宰相多由进士出身，故推重进士为白衣卿相，是说虽是白衣之士，但享有卿相的资望。,小生不才杀者波，也是国家～。★元·吴昌龄《张天师》第二折,五代·王定保《唐摭言·卷一·散序进士》缙绅虽位极人臣，不由进士者，终不为美，以至岁贡常不减八九百人，其推重谓之‘白衣公卿’，又曰‘一品白衫’。”,crazywhalecc/idiom-database · MIT · 数据说明来自 pwxcoo/chinese-xinhua；原始文件：https://raw.githubusercontent.com/crazywhalecc/idiom-database/master/data/idiom.json,MIT（以源仓库声明为准）,四字词、拼音字段、释义字段、重复项检查通过,自动二审通过，待人工终审
source-161,白云苍狗,bái yún cāng gǒu,苍灰白色。浮云象白衣裳，顷刻又变得象苍狗。比喻事物变化不定。,真是世事～，不禁感慨系之矣！★鲁迅《华盖集后记》,唐·杜甫《可叹诗》天上浮云似白衣，斯须改变如苍狗。”,crazywhalecc/idiom-database · MIT · 数据说明来自 pwxcoo/chinese-xinhua；原始文件：https://raw.githubusercontent.com/crazywhalecc/idiom-database/master/data/idiom.json,MIT（以源仓库声明为准）,四字词、拼音字段、释义字段、重复项检查通过,自动二审通过，待人工终审
source-162,百般折磨,bǎi bān zhé mó,用各种方式使人在肉体上、精神上遭受痛苦。,她任凭酷刑～，紧咬着牙关，始终坚贞不屈。★《言行和心理》,宋·李昿《太平广记·精察二·孟简》土豪又叫村里的二十多个妇女……然后揪着她的头发把头往地上碰，百般折磨污辱，包君的妻子本来就瘦弱多病，并且怀有身孕，回到船上就死了。”,crazywhalecc/idiom-database · MIT · 数据说明来自 pwxcoo/chinese-xinhua；原始文件：https://raw.githubusercontent.com/crazywhalecc/idiom-database/master/data/idiom.json,MIT（以源仓库声明为准）,四字词、拼音字段、释义字段、重复项检查通过,自动二审通过，待人工终审
source-163,百弊丛生,bǎi bì cóng shēng,百形容多；弊弊端，害处。各种弊害都产生出来了。,今以十当一，是反以四钱八分铜作一钱二分用也。民间私閒改铸，～。★柯劭忞《清史稿·袁希祖传》,梁启超《政治学学理摭言》而此等异论，何以能容喙焉？何以能动人焉？则以智慧程度未达于大多数，而欲幸福之程度进于大多数，未有不百弊丛生，而贻反对之徒以口实者也。”,crazywhalecc/idiom-database · MIT · 数据说明来自 pwxcoo/chinese-xinhua；原始文件：https://raw.githubusercontent.com/crazywhalecc/idiom-database/master/data/idiom.json,MIT（以源仓库声明为准）,四字词、拼音字段、释义字段、重复项检查通过,自动二审通过，待人工终审
source-164,百不失一,bǎi bù shī yī,一百次中无一次失误。表示射箭或打枪命中率高，或做事有充分把握。,他把算子一动，便晓得这人姓名，穷通寿夭，～。★明·凌濛初《初刻拍案惊奇》卷七,汉·王充《论衡·须颂》从门应庭，听堂室之言，什而失九，如升堂窥室，百不失一。”,crazywhalecc/idiom-database · MIT · 数据说明来自 pwxcoo/chinese-xinhua；原始文件：https://raw.githubusercontent.com/crazywhalecc/idiom-database/master/data/idiom.json,MIT（以源仓库声明为准）,四字词、拼音字段、释义字段、重复项检查通过,自动二审通过，待人工终审
source-165,百步穿杨,bǎi bù chuān yáng,在一百步远以外射中杨柳的叶子。形容箭法或枪法十分高明。,（关羽）带箭回寨，方知黄忠有百步穿杨之能。★明·罗贯中《三国演义》第五十三回,《史记·周本纪》楚有养由基者，善射者也，去柳叶百步而射之，百发而百中之。”《战国策·西周策》楚有养由基者，善射；去柳叶百步而射之，百发百中。”,crazywhalecc/idiom-database · MIT · 数据说明来自 pwxcoo/chinese-xinhua；原始文件：https://raw.githubusercontent.com/crazywhalecc/idiom-database/master/data/idiom.json,MIT（以源仓库声明为准）,四字词、拼音字段、释义字段、重复项检查通过,自动二审通过，待人工终审
source-166,百尺竿头,bǎi chǐ gān tóu,桅杆或杂技长竿的顶端。比喻极高的官位和功名，或学问、事业有很高的成就。,功名～，自古及今，有几个干休。★元·张养浩《折桂令》曲,唐·吴融《商人》诗百尺竿头五两斜，此生何处不为家。”,crazywhalecc/idiom-database · MIT · 数据说明来自 pwxcoo/chinese-xinhua；原始文件：https://raw.githubusercontent.com/crazywhalecc/idiom-database/master/data/idiom.json,MIT（以源仓库声明为准）,四字词、拼音字段、释义字段、重复项检查通过,自动二审通过，待人工终审
source-167,百川赴海,bǎi chuān fù hǎi,百表示多。川江河。所有江河都流归大海。比喻众望所归或大势所趋。也比喻许多事物由分散而汇集到一处。,许多文士在饱经战乱之苦后，如～，相继奔往邺城，归附到曹氏（曹操）周围。★《建安文学》,《朱子语类·卷二·理气下》百川赴海而海不溢。”,crazywhalecc/idiom-database · MIT · 数据说明来自 pwxcoo/chinese-xinhua；原始文件：https://raw.githubusercontent.com/crazywhalecc/idiom-database/master/data/idiom.json,MIT（以源仓库声明为准）,四字词、拼音字段、释义字段、重复项检查通过,自动二审通过，待人工终审
source-168,百读不厌,bǎi dú bù yàn,厌厌烦，厌倦。读一百遍也不会感到厌烦。形容诗文或书籍写得非趁，不论读多少遍也不感到厌倦。,为什么一些作品有人～”，另一些却有人不想读第二遍呢？★朱自清《论百读不厌》,宋·苏轼《送安惇秀才失解西归》诗旧书不厌百回读，熟读深思子自知。”,crazywhalecc/idiom-database · MIT · 数据说明来自 pwxcoo/chinese-xinhua；原始文件：https://raw.githubusercontent.com/crazywhalecc/idiom-database/master/data/idiom.json,MIT（以源仓库声明为准）,四字词、拼音字段、释义字段、重复项检查通过,自动二审通过，待人工终审
source-169,百发百中,bǎi fā bǎi zhòng,形容射箭或打枪准确，每次都命中目标。也比喻做事有充分把握。,回见子牙，叩头在地丞相妙计，～。”★明·许仲琳《封神演义》第三十六回,《战国策·西周策》楚有养由基者，善射，去柳叶百步而射之，百发百中。”,crazywhalecc/idiom-database · MIT · 数据说明来自 pwxcoo/chinese-xinhua；原始文件：https://raw.githubusercontent.com/crazywhalecc/idiom-database/master/data/idiom.json,MIT（以源仓库声明为准）,四字词、拼音字段、释义字段、重复项检查通过,自动二审通过，待人工终审
source-170,百废具举,bǎi fèi jù jǔ,指许多被废置的事业都等着兴办。同百废俱举”。,其有能如水野越前、井伊直弼之鞠躬尽瘁～者乎？★梁启超《敬告当道者》,宋·王明清《挥麈录》卷一吴明可帅会稽，百废具举，独不传书。”,crazywhalecc/idiom-database · MIT · 数据说明来自 pwxcoo/chinese-xinhua；原始文件：https://raw.githubusercontent.com/crazywhalecc/idiom-database/master/data/idiom.json,MIT（以源仓库声明为准）,四字词、拼音字段、释义字段、重复项检查通过,自动二审通过，待人工终审
source-171,百废俱举,bǎi fèi jù jǔ,指一切废置的事都兴办起来。同百废俱兴”。,‘～’的平均主义思想，以及与此相关联着的不合边区实际的‘正规化’思想，成了贯彻精简政策与集中力量于两大任务的绊脚石。★《解放日报》1942.12.23,《续资治通鉴·宋理宗绍定五年》了翁（魏了翁）乃葺其城楼橹雉堞，增置器械，教习牌手，申严军律……居数月，百废俱举。”,crazywhalecc/idiom-database · MIT · 数据说明来自 pwxcoo/chinese-xinhua；原始文件：https://raw.githubusercontent.com/crazywhalecc/idiom-database/master/data/idiom.json,MIT（以源仓库声明为准）,四字词、拼音字段、释义字段、重复项检查通过,自动二审通过，待人工终审
source-172,百废俱兴,bǎi fèi jù xīng,俱全，都。许多已经荒废了的事情一下子都兴办起来。,四川屡经兵燹，廷相莅任，～，民不知扰。★《清史稿·郎廷佐传》,宋·范仲淹《岳阳楼记》政通人和，百废具（俱）兴。”,crazywhalecc/idiom-database · MIT · 数据说明来自 pwxcoo/chinese-xinhua；原始文件：https://raw.githubusercontent.com/crazywhalecc/idiom-database/master/data/idiom.json,MIT（以源仓库声明为准）,四字词、拼音字段、释义字段、重复项检查通过,自动二审通过，待人工终审
source-173,百感交集,bǎi gǎn jiāo jí,感感想；交同时发生。各种感触交织在一起。形容感触很多，心情复杂。,我是上一个世纪出生的人，能参加这样的盛会，～，思绪万千。★郭沫若《科学的春天》,南朝·宋·刘义庆《世说新语·言语》见此茫茫，不觉百端交集，苟未免有情，亦复谁能遣此。”,crazywhalecc/idiom-database · MIT · 数据说明来自 pwxcoo/chinese-xinhua；原始文件：https://raw.githubusercontent.com/crazywhalecc/idiom-database/master/data/idiom.json,MIT（以源仓库声明为准）,四字词、拼音字段、释义字段、重复项检查通过,自动二审通过，待人工终审
source-174,百花齐放,bǎi huā qí fàng,形容百花盛开，丰富多彩。比喻各种不同形式和风格的艺术自由发展。也形容艺术界的繁荣景象。,美术展览会上展出了许多新作品，～，各具风格。,清·李汝珍《镜花缘》第三回百花仙子只顾在此著棋，那知下界帝王忽有御旨命他百花齐放。”,crazywhalecc/idiom-database · MIT · 数据说明来自 pwxcoo/chinese-xinhua；原始文件：https://raw.githubusercontent.com/crazywhalecc/idiom-database/master/data/idiom.json,MIT（以源仓库声明为准）,四字词、拼音字段、释义字段、重复项检查通过,自动二审通过，待人工终审
source-175,百喙莫辩,bǎi huì mò biàn,喙嘴，借指人的嘴。指纵有众多的嘴也不能辩解。同百口莫辩”。,素臣一段议论，如老吏断狱，使刘邦～。★清·夏敬渠《野叟曝言》第七十一回,宋·陈亮《谢何正言启》谤出事情之外，百喙莫辩；变生意料之余，三肱并折。”,crazywhalecc/idiom-database · MIT · 数据说明来自 pwxcoo/chinese-xinhua；原始文件：https://raw.githubusercontent.com/crazywhalecc/idiom-database/master/data/idiom.json,MIT（以源仓库声明为准）,四字词、拼音字段、释义字段、重复项检查通过,自动二审通过，待人工终审
source-176,百喙难辞,bǎi huì nán cí,喙嘴，借指人的嘴。指纵有众多百口也很难解释。,刘棻等已被扳入，～，遂都连坐罔上不道的罪名，谳成死罪。★蔡东藩《后汉演义》第一回,清·夏燮《中西纪事·江上议款》江自以卖城之罪百喙难辞，因乘间自尽。”,crazywhalecc/idiom-database · MIT · 数据说明来自 pwxcoo/chinese-xinhua；原始文件：https://raw.githubusercontent.com/crazywhalecc/idiom-database/master/data/idiom.json,MIT（以源仓库声明为准）,四字词、拼音字段、释义字段、重复项检查通过,自动二审通过，待人工终审
source-177,百家争鸣,bǎi jiā zhēng míng,指各种学术流派的自由争论互相批评。也指不同意见的争论。百家，这种观点的人或各种学术派别。鸣，发表见解。,自春秋末年以来，中国的思想得到一个极大的开放，呈现出一个～的局面。★郭沫若《吕不韦与秦王政的批判》,《汉书·艺文志》凡诸子百八十九家……蜂出并作，各引一端，崇其所说，以此弛说，取舍诸候。”,crazywhalecc/idiom-database · MIT · 数据说明来自 pwxcoo/chinese-xinhua；原始文件：https://raw.githubusercontent.com/crazywhalecc/idiom-database/master/data/idiom.json,MIT（以源仓库声明为准）,四字词、拼音字段、释义字段、重复项检查通过,自动二审通过，待人工终审
source-178,百孔千疮,bǎi kǒng qiān chuāng,比喻毛病很多，问题严重，已经到了难以收拾的地步。,他身上的缺点虽然不少，但却不是～，不可救药。,唐·韩愈《与孟尚书书》汉室以来，群儒区区修补，百孔千疮，随乱随失，其危如一发引千钧。”,crazywhalecc/idiom-database · MIT · 数据说明来自 pwxcoo/chinese-xinhua；原始文件：https://raw.githubusercontent.com/crazywhalecc/idiom-database/master/data/idiom.json,MIT（以源仓库声明为准）,四字词、拼音字段、释义字段、重复项检查通过,自动二审通过，待人工终审
source-179,百口莫辩,bǎi kǒu mò biàn,莫不能；辩辩白。即使有一百张嘴也辩白不清。形容不管怎样辩白也说不清楚。,玉林和忠和醒悟了，一打便是祸事，若是李三顺身上有了伤，便～，官司”非输不可。★高阳《清宫外史》上册,宋·刘过《建康狱中上吴居父》虽有百口而莫辩其辜。”,crazywhalecc/idiom-database · MIT · 数据说明来自 pwxcoo/chinese-xinhua；原始文件：https://raw.githubusercontent.com/crazywhalecc/idiom-database/master/data/idiom.json,MIT（以源仓库声明为准）,四字词、拼音字段、释义字段、重复项检查通过,自动二审通过，待人工终审
source-180,百了千当,bǎi liǎo qiān dāng,了了结；当妥当；百、千指一切事。比喻事事妥贴，有着落。,不如屏净尘缘，竖起脊梁骨，著些精彩，究教七川八穴，～，向水边林下，长养圣胎，亦不枉受人天供养。★宋·释惟白《续传灯录》,宋·释道原《景德传灯录》卷十三问‘百了千当时如何？’师曰‘不许夜行，投明须到。’”,crazywhalecc/idiom-database · MIT · 数据说明来自 pwxcoo/chinese-xinhua；原始文件：https://raw.githubusercontent.com/crazywhalecc/idiom-database/master/data/idiom.json,MIT（以源仓库声明为准）,四字词、拼音字段、释义字段、重复项检查通过,自动二审通过，待人工终审
source-181,百里挑一,bǎi lǐ tiāo yī,一百个当中就挑出这一个来。形容人才出众。,对报名参军的人挑选很严格，可以说是～。,清·曹雪芹《红楼梦》第一百二十回姑爷年纪略大几岁，并没有娶过的，况且人物儿长的是百里挑一的。”,crazywhalecc/idiom-database · MIT · 数据说明来自 pwxcoo/chinese-xinhua；原始文件：https://raw.githubusercontent.com/crazywhalecc/idiom-database/master/data/idiom.json,MIT（以源仓库声明为准）,四字词、拼音字段、释义字段、重复项检查通过,自动二审通过，待人工终审
source-182,百炼成刚,bǎi liàn chéng gāng,刚通钢。铁经过反复锤炼便成为坚韧的钢。比喻人经过多次磨炼而成为有用之才。,有人身经百战，～，炉火纯青，喜于心而不形于色。★徐迟《火中凤凰·凤翔》,郭小川《保卫我们的党》诗点起斗争的烈火，使人在烈火中百炼成刚。”,crazywhalecc/idiom-database · MIT · 数据说明来自 pwxcoo/chinese-xinhua；原始文件：https://raw.githubusercontent.com/crazywhalecc/idiom-database/master/data/idiom.json,MIT（以源仓库声明为准）,四字词、拼音字段、释义字段、重复项检查通过,自动二审通过，待人工终审
source-183,百年大计,bǎi nián dà jì,大计长远的重要的计划。指关系到长远利益的计划或措施。,～，教育为本。,清·梁启超《论民族竞争之大势》数月之间，而其权力已深入巩固，而百年大计于以定矣。”,crazywhalecc/idiom-database · MIT · 数据说明来自 pwxcoo/chinese-xinhua；原始文件：https://raw.githubusercontent.com/crazywhalecc/idiom-database/master/data/idiom.json,MIT（以源仓库声明为准）,四字词、拼音字段、释义字段、重复项检查通过,自动二审通过，待人工终审
source-184,百年树人,bǎi nián shù rén,树种植，栽培。比喻培养人才是长期而艰巨的事。,古人都知道～的道理，我们更应该把培养人才这件大事抓好。,《管子·权修》一年之计，莫如树谷；十年之计，莫如树木，终身之计，莫如树人。”,crazywhalecc/idiom-database · MIT · 数据说明来自 pwxcoo/chinese-xinhua；原始文件：https://raw.githubusercontent.com/crazywhalecc/idiom-database/master/data/idiom.json,MIT（以源仓库声明为准）,四字词、拼音字段、释义字段、重复项检查通过,自动二审通过，待人工终审
source-185,百鸟朝凤,bǎi niǎo cháo fèng,朝朝见；凤凤凰，古代传说中的鸟王。旧时喻指君主圣明而天下依附，后也比喻德高望重者众望所归。,那些玉斝中的长春露酒也都由站在身边侍候的宫女接过去倾入一只绘着～的大瓷缸中。★姚雪垠《李自成》第二卷第三十一章,宋·李昿等《太平御览》九百一十五卷引《唐书》海州言凤见于城上，群鸟数百随之，东北飞向苍梧山。”,crazywhalecc/idiom-database · MIT · 数据说明来自 pwxcoo/chinese-xinhua；原始文件：https://raw.githubusercontent.com/crazywhalecc/idiom-database/master/data/idiom.json,MIT（以源仓库声明为准）,四字词、拼音字段、释义字段、重复项检查通过,自动二审通过，待人工终审
source-186,百身何赎,bǎi shēn hé shú,百身自身死一百次；赎抵。拿一百个我，也无法把你换回来了。表示极沉痛地悼念。,一见无期，～。★南朝·梁·刘令娴《祭夫徐敬业文》,《诗经·秦风·黄鸟》如可赎兮，人百其身。”,crazywhalecc/idiom-database · MIT · 数据说明来自 pwxcoo/chinese-xinhua；原始文件：https://raw.githubusercontent.com/crazywhalecc/idiom-database/master/data/idiom.json,MIT（以源仓库声明为准）,四字词、拼音字段、释义字段、重复项检查通过,自动二审通过，待人工终审
source-187,百身莫赎,bǎi shēn mò shú,百身自身死一百次；赎抵。拿一百个我，也无法把你换回来了。表示极沉痛地悼念。,旷官之罪，职～矣。★明·袁宏道《去吴七牍·乞改稿一》,《诗经·秦风·黄鸟》如可赎兮，人百其身。”,crazywhalecc/idiom-database · MIT · 数据说明来自 pwxcoo/chinese-xinhua；原始文件：https://raw.githubusercontent.com/crazywhalecc/idiom-database/master/data/idiom.json,MIT（以源仓库声明为准）,四字词、拼音字段、释义字段、重复项检查通过,自动二审通过，待人工终审
source-188,百世之师,bǎi shì zhī shī,世世代代的老师，指才德高尚而永远可为人师表的人。,卓为～；杰作雄辞，散落四夷之远。★宋·陆游《贺薛安抚兼制置启》,先秦·孟轲《孟子·尽心下》圣人，百世之师也，伯夷、柳下惠是也。”,crazywhalecc/idiom-database · MIT · 数据说明来自 pwxcoo/chinese-xinhua；原始文件：https://raw.githubusercontent.com/crazywhalecc/idiom-database/master/data/idiom.json,MIT（以源仓库声明为准）,四字词、拼音字段、释义字段、重复项检查通过,自动二审通过，待人工终审
source-189,百兽率舞,bǎi shòu shuài wǔ,各种野兽，相率起舞。旧指帝王修德，时代清平。,大礼告成，伺候各官，循例三呼，国乐以外，杂以军乐，仿佛有凤凰来仪，～景象。★蔡东藩、许廑父《民国通俗演义》第三四回,《尚书·舜典》於！予击石拊石，百兽率舞。”,crazywhalecc/idiom-database · MIT · 数据说明来自 pwxcoo/chinese-xinhua；原始文件：https://raw.githubusercontent.com/crazywhalecc/idiom-database/master/data/idiom.json,MIT（以源仓库声明为准）,四字词、拼音字段、释义字段、重复项检查通过,自动二审通过，待人工终审
source-190,百岁千秋,bǎi suì qiān qiū,一百年，一千载。形容岁月漫长，历时很久。,明·康海《王兰卿》第三折便活到百岁千秋索一死，则不如另寻个身计。”,《韩非子·显学》今巫祝之祝人曰‘使若千秋万岁。’千秋万岁之声恬耳，而一日之寿无征于人，此人所以简巫祝也。”,crazywhalecc/idiom-database · MIT · 数据说明来自 pwxcoo/chinese-xinhua；原始文件：https://raw.githubusercontent.com/crazywhalecc/idiom-database/master/data/idiom.json,MIT（以源仓库声明为准）,四字词、拼音字段、释义字段、重复项检查通过,自动二审通过，待人工终审
source-191,百无禁忌,bǎi wú jìn jì,百所有的，不论什么；禁忌忌讳。什么都不忌讳。,则知太公封神，古有此说。今人于门户每书姜太公在此，～，亦非无所本矣。★鲁迅《小说旧闻钞·封神传衍义》,清·范寅《越谚·名物·风俗》百无禁忌，诸邪回避。”,crazywhalecc/idiom-database · MIT · 数据说明来自 pwxcoo/chinese-xinhua；原始文件：https://raw.githubusercontent.com/crazywhalecc/idiom-database/master/data/idiom.json,MIT（以源仓库声明为准）,四字词、拼音字段、释义字段、重复项检查通过,自动二审通过，待人工终审
source-192,百无聊赖,bǎi wú liáo lài,聊赖依赖。精神上无所寄托，感到什么都没意思。,在～中，随手抓过一本书来，科学也好，文学也好，横竖什么都一样。★鲁迅《彷徨·伤逝》,汉·蔡琰《悲愤》诗为复强视息，虽生何聊赖。”,crazywhalecc/idiom-database · MIT · 数据说明来自 pwxcoo/chinese-xinhua；原始文件：https://raw.githubusercontent.com/crazywhalecc/idiom-database/master/data/idiom.json,MIT（以源仓库声明为准）,四字词、拼音字段、释义字段、重复项检查通过,自动二审通过，待人工终审
source-193,百无是处,bǎi wú shì chù,犹言一无是处。形容全都是错的，没有一点对的地方。,每日价茶不茶，饭不饭，～。★元·王氏《粉蝶儿·寄情人》套曲,宋·辛弃疾《浣溪沙·漫兴作》词一似旧时春意思，百无是处老形骸，也曾头上带花来。”,crazywhalecc/idiom-database · MIT · 数据说明来自 pwxcoo/chinese-xinhua；原始文件：https://raw.githubusercontent.com/crazywhalecc/idiom-database/master/data/idiom.json,MIT（以源仓库声明为准）,四字词、拼音字段、释义字段、重复项检查通过,自动二审通过，待人工终审
source-194,百无一是,bǎi wú yī shì,干一百件事，也没有做对一件。形容全都做错了，一无是处。,此人做事百无一是，如若重用应当三思而后行。,宋·袁采《袁氏世范》至于百无一是，且朝夕以此相临，极为难处。”,crazywhalecc/idiom-database · MIT · 数据说明来自 pwxcoo/chinese-xinhua；原始文件：https://raw.githubusercontent.com/crazywhalecc/idiom-database/master/data/idiom.json,MIT（以源仓库声明为准）,四字词、拼音字段、释义字段、重复项检查通过,自动二审通过，待人工终审
source-195,百依百从,bǎi yī bǎi cóng,百比喻很多；依顺从；从跟从。什么都依从。形容一味顺从。,对孩子～是不行的。,杨纤如《伞》讨厌他过于粗暴鲁莽，常办错事，喜爱他忠实听话，百依百从。”,crazywhalecc/idiom-database · MIT · 数据说明来自 pwxcoo/chinese-xinhua；原始文件：https://raw.githubusercontent.com/crazywhalecc/idiom-database/master/data/idiom.json,MIT（以源仓库声明为准）,四字词、拼音字段、释义字段、重复项检查通过,自动二审通过，待人工终审
source-196,百依百顺,bǎi yī bǎi shùn,依、顺顺从。什么都依从。形容一切都顺从别人。,这安公子是那女孩儿一般～的人。★清·文康《儿女英雄传》第三回,明·凌濛初《初刻拍案惊奇》第十三卷做爷娘的百依百顺，没一事违拗了他。”,crazywhalecc/idiom-database · MIT · 数据说明来自 pwxcoo/chinese-xinhua；原始文件：https://raw.githubusercontent.com/crazywhalecc/idiom-database/master/data/idiom.json,MIT（以源仓库声明为准）,四字词、拼音字段、释义字段、重复项检查通过,自动二审通过，待人工终审
source-197,百战不殆,bǎi zhàn bù dài,经历许多次战役，都没有遭到危险。形容善于用兵。,自古名将料敌制胜，训练士兵，故可使赴汤蹈火，～。★《金史·刘炳传》,《孙子·谋攻》知彼知己者百战不殆。”,crazywhalecc/idiom-database · MIT · 数据说明来自 pwxcoo/chinese-xinhua；原始文件：https://raw.githubusercontent.com/crazywhalecc/idiom-database/master/data/idiom.json,MIT（以源仓库声明为准）,四字词、拼音字段、释义字段、重复项检查通过,自动二审通过，待人工终审
source-198,百折不回,bǎi zhé bù huí,折挫折。比喻意志坚强，无论受到多少次挫折，毫不动摇退缩。,耿耿自始，～。★清·姚莹《复杨君论诗文书》,汉·蔡邕《太尉乔玄碑》其性庄，疾华尚朴，有百折不挠，临大节而不可夺之风。”,crazywhalecc/idiom-database · MIT · 数据说明来自 pwxcoo/chinese-xinhua；原始文件：https://raw.githubusercontent.com/crazywhalecc/idiom-database/master/data/idiom.json,MIT（以源仓库声明为准）,四字词、拼音字段、释义字段、重复项检查通过,自动二审通过，待人工终审
source-199,百折不挠,bǎi zhé bù náo,折挫折；挠弯曲。比喻意志坚强，无论受到多少次挫折，毫不动摇退缩。,汉阳民军总司令黄兴，系湖南长沙县人，向来主张革命，屡仆屡起，～。★蔡东藩、许廑父《民国通俗演义》第三回,汉·蔡邕《太尉乔玄碑》其性庄，疾华尚朴，有百折不挠，临大节而不可夺之风。”,crazywhalecc/idiom-database · MIT · 数据说明来自 pwxcoo/chinese-xinhua；原始文件：https://raw.githubusercontent.com/crazywhalecc/idiom-database/master/data/idiom.json,MIT（以源仓库声明为准）,四字词、拼音字段、释义字段、重复项检查通过,自动二审通过，待人工终审
source-200,百折不屈,bǎi zhé bù qū,受到无数挫折都不屈服、动摇。形容意志坚强。,要像总理那样……奋不顾身，～。★郭小川《痛悼敬爱的周总理》诗,清·恽敬《〈卓忠毅公遗稿〉书后》一旦竟成其名，史书及府县志纪录则有之，必不能千百年之后，人人变色动容，有一百折不屈之人，如在其心，如出其口，如忠毅、方学士、铁尚书者也。”,crazywhalecc/idiom-database · MIT · 数据说明来自 pwxcoo/chinese-xinhua；原始文件：https://raw.githubusercontent.com/crazywhalecc/idiom-database/master/data/idiom.json,MIT（以源仓库声明为准）,四字词、拼音字段、释义字段、重复项检查通过,自动二审通过，待人工终审
source-201,败不旋踵,bài bù xuán zhǒng,形容很快就遭到失败。旋踵，转动一下脚后跟。,未议致身，先图问鼎，假称伊霍之事，将肆莽卓之心，人神同疾，～。★《北史·杨敷传》,唐·卢照邻《三国论》然而丧师失律，败不旋踵，奔波谦瓒之间，羁旅袁曹之手，岂拙于用武，将遇非常敌乎？”,crazywhalecc/idiom-database · MIT · 数据说明来自 pwxcoo/chinese-xinhua；原始文件：https://raw.githubusercontent.com/crazywhalecc/idiom-database/master/data/idiom.json,MIT（以源仓库声明为准）,四字词、拼音字段、释义字段、重复项检查通过,自动二审通过，待人工终审
source-202,稗官野史,bài guān yě shǐ,稗官古代的一种小官，专给帝王搜集街谈巷语，道听途说，以供省览，后称小说或小说家为稗官。指旧时的小说和私人编撰的史书。,如今我要将这碑记付给文人墨士，做为～，流传海内。★清·李汝珍《镜花缘》第七十回,《汉书·艺文志》小说家者流，盖出于稗官，街谈巷语，道听途说者之所造也。”,crazywhalecc/idiom-database · MIT · 数据说明来自 pwxcoo/chinese-xinhua；原始文件：https://raw.githubusercontent.com/crazywhalecc/idiom-database/master/data/idiom.json,MIT（以源仓库声明为准）,四字词、拼音字段、释义字段、重复项检查通过,自动二审通过，待人工终审
source-203,班班可考,bān bān kě kǎo,班班明显的样子。指事情源流始末清清楚楚，可以考证。,亦尝有此言，明载简册，～。★清·钱彩《说岳全传》第七十三回,宋·陈亮《与韩无咎尚书》本朝二百年之间，学问文章、政事术业，各有家法，其本末源流，班班可考。”,crazywhalecc/idiom-database · MIT · 数据说明来自 pwxcoo/chinese-xinhua；原始文件：https://raw.githubusercontent.com/crazywhalecc/idiom-database/master/data/idiom.json,MIT（以源仓库声明为准）,四字词、拼音字段、释义字段、重复项检查通过,自动二审通过，待人工终审
source-204,班荆道故,bān jīng dào gù,班铺开；道叙说。用荆铺在地上坐在上面谈说过去的事情。形容老朋友在路上碰到了，坐下来谈谈别后的情况。,一次邂逅相逢，一次～，竟使一位艺术殉道者在冥冥里忽闻天籁，于混沌中顿悟禅机。”★李存葆《伏虎草堂主人》,《左传·襄公二十六年》伍举奔郑，将遂奔晋。声子将如晋，遇之于郑郊，班荆相与食，而言复故。”,crazywhalecc/idiom-database · MIT · 数据说明来自 pwxcoo/chinese-xinhua；原始文件：https://raw.githubusercontent.com/crazywhalecc/idiom-database/master/data/idiom.json,MIT（以源仓库声明为准）,四字词、拼音字段、释义字段、重复项检查通过,自动二审通过，待人工终审
source-205,班荆道旧,bān jīng dào jiù,指朋友相遇于途，铺荆坐地，共叙情怀◇泛指朋友相遇，共叙离情。亦作班荆道故”。,鲍叔、管仲，分财无猜；归生、伍举，～。★晋·陶潜《与子俨等疏》,典出《左传·襄公二十六年》楚伍参与蔡太师子朝友，其子伍举与声子相善……伍举奔郑，将遂奔晋。声子将如晋，遇之於郑郊，班荆相与食，而言复故。”杜预注班，布也。布荆坐地，共议归楚，事朋友世亲。”,crazywhalecc/idiom-database · MIT · 数据说明来自 pwxcoo/chinese-xinhua；原始文件：https://raw.githubusercontent.com/crazywhalecc/idiom-database/master/data/idiom.json,MIT（以源仓库声明为准）,四字词、拼音字段、释义字段、重复项检查通过,自动二审通过，待人工终审
source-206,班马文章,bān mǎ wén zhāng,汉代史学家司马迁与班固的并称。泛指可与班固、司马迁相比美的文章。,～由夙慧，庾鲍诗句实前缘。★清·刘璋《飞花艳想》第二回,明·无名氏《鸣凤记·邹林游学》夔龙礼乐承先范，班马文章勘墨铅。”,crazywhalecc/idiom-database · MIT · 数据说明来自 pwxcoo/chinese-xinhua；原始文件：https://raw.githubusercontent.com/crazywhalecc/idiom-database/master/data/idiom.json,MIT（以源仓库声明为准）,四字词、拼音字段、释义字段、重复项检查通过,自动二审通过，待人工终审
source-207,班门弄斧,bān mén nòng fǔ,在鲁班门前舞弄斧子。比喻在行家面前卖弄本领，不自量力。,闻得亭亭姐姐学问渊博，妹子何敢～，同他乱谈。★清·李汝珍《镜花缘》第五十二回,唐·柳宗元《王氏伯仲唱和诗序》操斧于班、郢之门，斯强颜耳。”宋·欧阳修《与梅圣俞书》昨在真定，有诗七八首，今录去，班门弄斧，可笑可笑。”,crazywhalecc/idiom-database · MIT · 数据说明来自 pwxcoo/chinese-xinhua；原始文件：https://raw.githubusercontent.com/crazywhalecc/idiom-database/master/data/idiom.json,MIT（以源仓库声明为准）,四字词、拼音字段、释义字段、重复项检查通过,自动二审通过，待人工终审
source-208,班师回朝,bān shī huí cháo,班调回。调动出征的军队返回首都，指出征的军队胜利返回朝廷。,后主（刘禅）下诏，宣孔明班师回朝。★明·罗贯中《三国演义》第一百回,元·乔孟符《两世姻缘》第三折你奉圣旨破吐蕃，定西夏，班师回朝，便当请功受赏。”,crazywhalecc/idiom-database · MIT · 数据说明来自 pwxcoo/chinese-xinhua；原始文件：https://raw.githubusercontent.com/crazywhalecc/idiom-database/master/data/idiom.json,MIT（以源仓库声明为准）,四字词、拼音字段、释义字段、重复项检查通过,自动二审通过，待人工终审
source-209,班衣戏彩,bān yī xì cǎi,指身穿彩衣，作婴兒戏耍以娱父母◇以之为老养父母的孝亲典故。,虽无儿，效老莱，～。★清·新广东武生《黄萧养回头》,参见斑衣戏彩”。,crazywhalecc/idiom-database · MIT · 数据说明来自 pwxcoo/chinese-xinhua；原始文件：https://raw.githubusercontent.com/crazywhalecc/idiom-database/master/data/idiom.json,MIT（以源仓库声明为准）,四字词、拼音字段、释义字段、重复项检查通过,自动二审通过，待人工终审
source-210,斑驳陆离,bān bó lù lí,斑驳色彩杂乱；陆离参差不一。形容色彩纷杂。,铜器一，器大可合抱，重数十斤，侧有双环，不知何用，～，瓶亦古。★清·蒲松龄《聊斋志异·古瓶》,战国·楚·屈原《离骚》纷总总其离合兮，斑陆离其上下。”,crazywhalecc/idiom-database · MIT · 数据说明来自 pwxcoo/chinese-xinhua；原始文件：https://raw.githubusercontent.com/crazywhalecc/idiom-database/master/data/idiom.json,MIT（以源仓库声明为准）,四字词、拼音字段、释义字段、重复项检查通过,自动二审通过，待人工终审
source-211,斑衣戏彩,bān yī xì cǎi,指身穿彩衣，作婴兒戏耍以娱父母◇以之为老养父母的孝亲典故。,那二十四孝上～，他们不能来戏彩引老祖宗笑一笑，我这里好容易引的老祖宗笑一笑……难道反笑我不成？★《红楼梦》第五四回,《北堂书钞》卷一二九引《孝子传》言老莱子年七十，父母尚在，因常服斑衣，为婴兒戏以娱父母。,crazywhalecc/idiom-database · MIT · 数据说明来自 pwxcoo/chinese-xinhua；原始文件：https://raw.githubusercontent.com/crazywhalecc/idiom-database/master/data/idiom.json,MIT（以源仓库声明为准）,四字词、拼音字段、释义字段、重复项检查通过,自动二审通过，待人工终审
source-212,搬弄是非,bān nòng shì fēi,搬弄挑拔。把别人的话传来传去，有意挑拔，或在背后乱加议论，引起纠纷。,况三姑六婆，里外搬弄是非，何能不生事端。★清·李汝珍《镜花缘》第十二回,《庄子·盗跖》摇唇鼓舌，擅生是非。”元·李寿卿《伍员吹箫》第一折他在平公面前，搬弄我许多事非。”,crazywhalecc/idiom-database · MIT · 数据说明来自 pwxcoo/chinese-xinhua；原始文件：https://raw.githubusercontent.com/crazywhalecc/idiom-database/master/data/idiom.json,MIT（以源仓库声明为准）,四字词、拼音字段、释义字段、重复项检查通过,自动二审通过，待人工终审
source-213,板上钉钉,bǎn shàng dìng dīng,在石板上钉上铁钉。比喻事情已经决定，不能改变。,海云是已经定性、已经作了～的正式结论的阶级敌人。★王蒙《蝴蝶》,清·李绿园《歧路灯》第九十三回议亲之事，这三位老伯，并儿的外父一并说好，那就石板上钉钉，就如我爹订的一般。”,crazywhalecc/idiom-database · MIT · 数据说明来自 pwxcoo/chinese-xinhua；原始文件：https://raw.githubusercontent.com/crazywhalecc/idiom-database/master/data/idiom.json,MIT（以源仓库声明为准）,四字词、拼音字段、释义字段、重复项检查通过,自动二审通过，待人工终审
source-214,版筑饭牛,bǎn zhù fàn niú,版筑，造土墙；饭牛，喂牛◇以之为贤臣出身微贱之典。,古今相望，落落然如骑星辰，与夫起～者异矣。★唐·刘禹锡《唐故中书侍郎平章事韦公集纪》,《书·说命上》载相传商代贤者傅说筑于傅岩，武丁用以为相。《吕氏春秋·举难》载春秋时卫国贤者宁戚饭牛车下，扣牛角而歌，桓公异之，拜为上卿。,crazywhalecc/idiom-database · MIT · 数据说明来自 pwxcoo/chinese-xinhua；原始文件：https://raw.githubusercontent.com/crazywhalecc/idiom-database/master/data/idiom.json,MIT（以源仓库声明为准）,四字词、拼音字段、释义字段、重复项检查通过,自动二审通过，待人工终审
source-215,半壁江山,bàn bì jiāng shān,半壁半边；江山比喻国家疆土。指在敌人入侵后残存或丧失的部分国土。,军声壮，阵法多，～全仗我。★清·吴梅《风洞山·阅兵》,清·蒋士诠《冬青树·提纲》半壁江山，比五季朝廷尤小。”,crazywhalecc/idiom-database · MIT · 数据说明来自 pwxcoo/chinese-xinhua；原始文件：https://raw.githubusercontent.com/crazywhalecc/idiom-database/master/data/idiom.json,MIT（以源仓库声明为准）,四字词、拼音字段、释义字段、重复项检查通过,自动二审通过，待人工终审
source-216,半部论语,bàn bù lún yǔ,旧时对儒学经典之一《论语》的夸赞之辞，掌握半部《论语》，人的能力就会提高，就能治理国家。,况且从前古人以～治天下，就是半部亦何妨。★清·李宝嘉《官场现形记》第六十四回,参见半部论语治天下”。,crazywhalecc/idiom-database · MIT · 数据说明来自 pwxcoo/chinese-xinhua；原始文件：https://raw.githubusercontent.com/crazywhalecc/idiom-database/master/data/idiom.json,MIT（以源仓库声明为准）,四字词、拼音字段、释义字段、重复项检查通过,自动二审通过，待人工终审
source-217,半筹不纳,bàn chóu bù nà,筹古代计算工具，引伸为计策；纳缴纳。半条计策也拿不出来。比喻一点办法也没有。,万骑交驰，两军相见，咱手里～。★元·朱凯《昊天塔》第二折,元·李文蔚《燕青博鱼》第一折往常时我习武艺学兵法，到如今半筹也不纳。”,crazywhalecc/idiom-database · MIT · 数据说明来自 pwxcoo/chinese-xinhua；原始文件：https://raw.githubusercontent.com/crazywhalecc/idiom-database/master/data/idiom.json,MIT（以源仓库声明为准）,四字词、拼音字段、释义字段、重复项检查通过,自动二审通过，待人工终审
source-218,半筹莫展,bàn chóu mò chǎn,半条计策也拿不出来。比喻一点办法也没有。,惟自民国成立之日，则予三主张建设反致～，一败涂地。★孙中山《建国方略自序》,明·罗贯中《三国演义》第五十四回周瑜虽能用计，岂能出诸葛亮之料乎？略用小谋，使周瑜半筹不展。”,crazywhalecc/idiom-database · MIT · 数据说明来自 pwxcoo/chinese-xinhua；原始文件：https://raw.githubusercontent.com/crazywhalecc/idiom-database/master/data/idiom.json,MIT（以源仓库声明为准）,四字词、拼音字段、释义字段、重复项检查通过,自动二审通过，待人工终审
source-219,半间半界,bàn gān bàn gà,①不彻底，不深透。②不明确。③犹言不上不下。④谓平庸。,丘宗卿亦受群儿谤伤之言，～，州府卒归狱于赵穿，亮以此身既存而不复问矣。★宋·陈亮《又乙巳春书》之一,参见半间不界”。,crazywhalecc/idiom-database · MIT · 数据说明来自 pwxcoo/chinese-xinhua；原始文件：https://raw.githubusercontent.com/crazywhalecc/idiom-database/master/data/idiom.json,MIT（以源仓库声明为准）,四字词、拼音字段、释义字段、重复项检查通过,自动二审通过，待人工终审
source-220,半截入土,bàn jié rù tǔ,截段。半段身子埋入土内。比喻人在世不久了。,差多了，差多了！人到三十五，就半截入土了。★老舍《谁先到了重庆》第一幕,宋·苏轼《东坡志林》卷十二汝已半截入土，犹争高下呼？”,crazywhalecc/idiom-database · MIT · 数据说明来自 pwxcoo/chinese-xinhua；原始文件：https://raw.githubusercontent.com/crazywhalecc/idiom-database/master/data/idiom.json,MIT（以源仓库声明为准）,四字词、拼音字段、释义字段、重复项检查通过,自动二审通过，待人工终审
source-221,半斤八两,bàn jīn bā liǎng,八两即半斤。一个半斤，一个八两。比喻彼此一样，不相上下。,众将看他两个本事，都是～的，打扮也差不多。★明·施耐庵《水浒全传》第一百七回,宋·释普济《五灯会元》卷十一问‘来时无物去时空，二路俱迷，如何得不迷去？’师曰‘秤头半斤，秤尾八两。’”宋·释惟白《建中靖国续灯录》踏着秤锤硬似铁，八两元来是半斤。”,crazywhalecc/idiom-database · MIT · 数据说明来自 pwxcoo/chinese-xinhua；原始文件：https://raw.githubusercontent.com/crazywhalecc/idiom-database/master/data/idiom.json,MIT（以源仓库声明为准）,四字词、拼音字段、释义字段、重复项检查通过,自动二审通过，待人工终审
source-222,半路出家,bàn lù chū jiā,原指成年后才出家做和尚或尼姑。比喻中途改行，从事另一工作。,他不理会内行的嗤笑，写啊改啊，改啊写啊，终于写出了好作品，成了一个颇有希望的～的作家。★公今度《长短录》,《京本通俗小说·错斩崔宁》先前读书，后来看看不济，却去改业做生意。便是半路出家的一般。”,crazywhalecc/idiom-database · MIT · 数据说明来自 pwxcoo/chinese-xinhua；原始文件：https://raw.githubusercontent.com/crazywhalecc/idiom-database/master/data/idiom.json,MIT（以源仓库声明为准）,四字词、拼音字段、释义字段、重复项检查通过,自动二审通过，待人工终审
source-223,半路修行,bàn lù xiū xíng,原指成年后才出家做和尚或尼姑。比喻中途改行，从事另一工作。,茅鹿门先生，文章擅海内……晚喜作诗，自称～，语多率易。★明·朱国祯《晚幢小品·俚诗有本》,参见半路出家”。,crazywhalecc/idiom-database · MIT · 数据说明来自 pwxcoo/chinese-xinhua；原始文件：https://raw.githubusercontent.com/crazywhalecc/idiom-database/master/data/idiom.json,MIT（以源仓库声明为准）,四字词、拼音字段、释义字段、重复项检查通过,自动二审通过，待人工终审
source-224,半身不遂,bàn shēn bù suí,遂通随”，顺从。原为医学病症名，指半边身体不能随意转动。有时比喻诗文部分好，部分不好，不够匀称。,蒋百里在宜山的南边路上，汽车坏了，他受了一下子凉，就有一点～的样子。★冯玉祥《我所认识的蒋介石》第三十一章,汉·张仲景《金匮要略·中风历节》无风之为病，当半身不遂，或但臂不遂者，此为痹脉微而数中风使然。”,crazywhalecc/idiom-database · MIT · 数据说明来自 pwxcoo/chinese-xinhua；原始文件：https://raw.githubusercontent.com/crazywhalecc/idiom-database/master/data/idiom.json,MIT（以源仓库声明为准）,四字词、拼音字段、释义字段、重复项检查通过,自动二审通过，待人工终审
source-225,半生不熟,bàn shēng bù shú,没有完全成熟或未烹煮至可食用的程度。比喻不熟悉；不熟练。,五个中间的老徐能说几句～的广府话。★茅盾《过封锁线》,参见半生半熟”。,crazywhalecc/idiom-database · MIT · 数据说明来自 pwxcoo/chinese-xinhua；原始文件：https://raw.githubusercontent.com/crazywhalecc/idiom-database/master/data/idiom.json,MIT（以源仓库声明为准）,四字词、拼音字段、释义字段、重复项检查通过,自动二审通过，待人工终审
source-226,半死半生,bàn sǐ bàn shēng,①未全死。②比喻无意义、无生气的苟且的生活。,惟独～的苟活，是全盘失错的。因为他挂了生活的招牌，其实却引人到死路上去！”★鲁迅《华盖集·北京通信》,汉·枚乘《七发》龙门之桐，高百尺而无枝……其根半死半生。”,crazywhalecc/idiom-database · MIT · 数据说明来自 pwxcoo/chinese-xinhua；原始文件：https://raw.githubusercontent.com/crazywhalecc/idiom-database/master/data/idiom.json,MIT（以源仓库声明为准）,四字词、拼音字段、释义字段、重复项检查通过,自动二审通过，待人工终审
source-227,半死不活,bàn sǐ bù huó,指没有生机和活力。死又死不了，活着又受罪。,想跑，水裹住他的脚，他就那么～的，低着头一步一步的往前曳。★老舍《骆驼祥子》十八,参见半死半生”。,crazywhalecc/idiom-database · MIT · 数据说明来自 pwxcoo/chinese-xinhua；原始文件：https://raw.githubusercontent.com/crazywhalecc/idiom-database/master/data/idiom.json,MIT（以源仓库声明为准）,四字词、拼音字段、释义字段、重复项检查通过,自动二审通过，待人工终审
source-228,半途而废,bàn tú ér fèi,废停止。指做事不能坚持到底，中途停顿，有始无终。,如果就此请假回国，这里的事～，将来保举弄不到，白吃一趟辛苦。★清·李宝嘉《官场现形记》第五十六回,《礼记·中庸》君子遵道而行，半途而废，吾弗难已矣。”,crazywhalecc/idiom-database · MIT · 数据说明来自 pwxcoo/chinese-xinhua；原始文件：https://raw.githubusercontent.com/crazywhalecc/idiom-database/master/data/idiom.json,MIT（以源仓库声明为准）,四字词、拼音字段、释义字段、重复项检查通过,自动二审通过，待人工终审
source-229,半推半就,bàn tuī bàn jiù,推抵拒，推托；就靠拢，迎上去。一面推辞，一面靠拢上去。形容装腔作势假意推辞的样子。,与其学那俗态，～，耽搁工夫；据俺主意，不如从实收了，倒也爽快。★清·李汝珍《镜花缘》第三回,元·王实甫《西厢记》第四本第一折半推半就，又惊又爱，檀口揾香腮。”,crazywhalecc/idiom-database · MIT · 数据说明来自 pwxcoo/chinese-xinhua；原始文件：https://raw.githubusercontent.com/crazywhalecc/idiom-database/master/data/idiom.json,MIT（以源仓库声明为准）,四字词、拼音字段、释义字段、重复项检查通过,自动二审通过，待人工终审
source-230,半信半疑,bàn xìn bàn yí,有点相信，又有点怀疑。表示对真假是非不能肯定。,众人听了，也都～。★清·曹雪芹《红楼梦》第九十四回,三国·魏·嵇康《答释难宅无吉凶摄生论》苟卜筮所以成相，虎可卜而地可择，何为半信而半不信耶？”,crazywhalecc/idiom-database · MIT · 数据说明来自 pwxcoo/chinese-xinhua；原始文件：https://raw.githubusercontent.com/crazywhalecc/idiom-database/master/data/idiom.json,MIT（以源仓库声明为准）,四字词、拼音字段、释义字段、重复项检查通过,自动二审通过，待人工终审
source-231,半夜三更,bàn yè sān gēng,一夜分为五更，三更是午夜十二时。指深夜。,他常常工作到～。,元·马致远《青衫泪》第三折这船上是什么人，半夜三更，大呼小叫的。”,crazywhalecc/idiom-database · MIT · 数据说明来自 pwxcoo/chinese-xinhua；原始文件：https://raw.githubusercontent.com/crazywhalecc/idiom-database/master/data/idiom.json,MIT（以源仓库声明为准）,四字词、拼音字段、释义字段、重复项检查通过,自动二审通过，待人工终审
source-232,半疑半信,bàn yí bàn xìn,有点怀疑，又有点相信。表示对真假是非不能肯定。,若他人听过了，～，若存若亡，安得不惰。★《朱子全书》卷十六,唐·元稹《古筑城曲》因兹请休和，虏往骑来过。半疑兼半信，筑城犹嵯峨。”,crazywhalecc/idiom-database · MIT · 数据说明来自 pwxcoo/chinese-xinhua；原始文件：https://raw.githubusercontent.com/crazywhalecc/idiom-database/master/data/idiom.json,MIT（以源仓库声明为准）,四字词、拼音字段、释义字段、重复项检查通过,自动二审通过，待人工终审
source-233,蚌鹬相持,bàng yù xiāng chí,比喻双方相争，两败俱伤，徒使第三者得利。,天方厌羌，内难屡起，权臣擅事，～。★宋·秦观《边防中》,《战国策·燕策二》今者臣来，过易水，蚌方出曝，而鹬啄其肉，蚌合而钳其喙。鹬曰‘今日不雨，明日不雨，即有死蚌。’蚌亦谓鹬曰‘今日不出，明日不出，即有死鹬。’两者不肯相舍，渔翁得而并禽之。”,crazywhalecc/idiom-database · MIT · 数据说明来自 pwxcoo/chinese-xinhua；原始文件：https://raw.githubusercontent.com/crazywhalecc/idiom-database/master/data/idiom.json,MIT（以源仓库声明为准）,四字词、拼音字段、释义字段、重复项检查通过,自动二审通过，待人工终审
source-234,傍人门户,bàng rén mén hù,傍依靠，依附；门户门第。比喻依赖别人，不能自立。,虽说咱们穷，究竟比他～好多着呢。★清·曹雪芹《红楼梦》第一０九回,宋·苏轼《东坡志林》卷十二吾辈不肖，方傍人门户，何暇争闲气耶？”,crazywhalecc/idiom-database · MIT · 数据说明来自 pwxcoo/chinese-xinhua；原始文件：https://raw.githubusercontent.com/crazywhalecc/idiom-database/master/data/idiom.json,MIT（以源仓库声明为准）,四字词、拼音字段、释义字段、重复项检查通过,自动二审通过，待人工终审
source-235,傍若无人,páng ruò wú rén,好象旁边没有人在。形容神情态度高傲自如。,陈太尉初下船时，昂昂然～，坐在中间。★明·施耐庵《水浒传》第七十五回,《后汉书·延笃传》虽渐离击筑，傍若无人，高凤读书，不知暴雨。”,crazywhalecc/idiom-database · MIT · 数据说明来自 pwxcoo/chinese-xinhua；原始文件：https://raw.githubusercontent.com/crazywhalecc/idiom-database/master/data/idiom.json,MIT（以源仓库声明为准）,四字词、拼音字段、释义字段、重复项检查通过,自动二审通过，待人工终审
source-236,棒打鸳鸯,bàng dǎ yuān yāng,用木棒打散一双鸳鸯。比喻拆散恩爱的夫妻或情侣。,啼痕界破残妆面，德言分镜几时圆？远水高山，眼睁睁～散。★明·李开先《宝剑记》第十九出,明·孟称舜《鹦鹉墓贞文记》他一双儿女两情坚，休得棒打鸳鸯作话传。”,crazywhalecc/idiom-database · MIT · 数据说明来自 pwxcoo/chinese-xinhua；原始文件：https://raw.githubusercontent.com/crazywhalecc/idiom-database/master/data/idiom.json,MIT（以源仓库声明为准）,四字词、拼音字段、释义字段、重复项检查通过,自动二审通过，待人工终审
source-237,包办代替,bāo bàn dài tì,指应该和有关的人一起商量或一起做的事，却独自办理，不让旁人参与。,我们工作同志作好参谋，不要指手划脚，～。★陈残云《山谷风烟》第三四章,周立波《暴风骤雨》第二部二三媒婆真是包办代替的老祖宗，可真是把人坑害死了。”,crazywhalecc/idiom-database · MIT · 数据说明来自 pwxcoo/chinese-xinhua；原始文件：https://raw.githubusercontent.com/crazywhalecc/idiom-database/master/data/idiom.json,MIT（以源仓库声明为准）,四字词、拼音字段、释义字段、重复项检查通过,自动二审通过，待人工终审
source-238,包藏祸心,bāo cáng huò xīn,包藏隐藏，包含；祸心害人之心。心里怀着害人的恶意。,初与我为客侣，不意～，隐我血赀，悍不还，今愿得而甘心，何父之有？★清·蒲松龄《聊斋志异·柳氏子》,《左传·昭公元年》小国无罪，恃实其罪；将恃大国之安靖已，而无乃包藏祸心以图之。”,crazywhalecc/idiom-database · MIT · 数据说明来自 pwxcoo/chinese-xinhua；原始文件：https://raw.githubusercontent.com/crazywhalecc/idiom-database/master/data/idiom.json,MIT（以源仓库声明为准）,四字词、拼音字段、释义字段、重复项检查通过,自动二审通过，待人工终审
source-239,包罗万象,bāo luó wàn xiàng,包罗包括；万象宇宙间的一切景象，指各种事物。形容内容丰富，应有尽有。,你怎言～，迟早飞升。★明·许仲琳《封神演义》第十三回,《黄帝宅经》卷上所以包罗万象，举一千从，运变无形而能化物，大矣哉，阴阳之理也。”,crazywhalecc/idiom-database · MIT · 数据说明来自 pwxcoo/chinese-xinhua；原始文件：https://raw.githubusercontent.com/crazywhalecc/idiom-database/master/data/idiom.json,MIT（以源仓库声明为准）,四字词、拼音字段、释义字段、重复项检查通过,自动二审通过，待人工终审
source-240,褒贬与夺,bǎo biǎn yǔ duó,与夺给予或夺取。指对人或事物给予赞扬或批评。,若使修著一代之典，～，诚一时之俊也。★《晋书·祖逖传》,晋·葛洪《抱朴子·外篇自叙》每见世人有好论人物者，比方伦匹，未必当允，而褒贬与夺，或失准格。”,crazywhalecc/idiom-database · MIT · 数据说明来自 pwxcoo/chinese-xinhua；原始文件：https://raw.githubusercontent.com/crazywhalecc/idiom-database/master/data/idiom.json,MIT（以源仓库声明为准）,四字词、拼音字段、释义字段、重复项检查通过,自动二审通过，待人工终审
source-241,褒善贬恶,bāo shàn biǎn è,褒赞扬；贬批评。对好人好事加以赞扬；对坏人坏事加以斥责。指分清善恶，提出公正的评价。,其中～，尊君抑经，内夏外夷，正名谨分，也不是等闲的文字也。★明·桑绍良《独乐园》第一折,宋·邵博《闻见后录》君子为小人所胜抑者，不过禄位耳。惟有三四寸管子，向口角头褒善贬恶，使善人贵、恶人贱，善人生、恶人死。”,crazywhalecc/idiom-database · MIT · 数据说明来自 pwxcoo/chinese-xinhua；原始文件：https://raw.githubusercontent.com/crazywhalecc/idiom-database/master/data/idiom.json,MIT（以源仓库声明为准）,四字词、拼音字段、释义字段、重复项检查通过,自动二审通过，待人工终审
source-242,褒衣博带,bāo yī bó dài,褒、博形容宽大。着宽袍，系阔带。指古代儒生的装束。,～进贤冠，礼乐东方万国看。★清·黄遵宪《续怀人》诗,《汉书·隽不疑传》褒衣博带，盛服至门上谒。”,crazywhalecc/idiom-database · MIT · 数据说明来自 pwxcoo/chinese-xinhua；原始文件：https://raw.githubusercontent.com/crazywhalecc/idiom-database/master/data/idiom.json,MIT（以源仓库声明为准）,四字词、拼音字段、释义字段、重复项检查通过,自动二审通过，待人工终审
source-243,薄寒中人,bó hán zhòng rén,薄寒轻微的寒气。中人伤人。指轻微的寒气也能伤害人的身体。也比喻人在衰老或患难之中时经不住轻微的打击。,～老可畏，热酒浇肠气先压。★宋·苏轼《九月黄楼作》,《楚辞·九辩》憯凄增欷兮，薄寒之中人。”,crazywhalecc/idiom-database · MIT · 数据说明来自 pwxcoo/chinese-xinhua；原始文件：https://raw.githubusercontent.com/crazywhalecc/idiom-database/master/data/idiom.json,MIT（以源仓库声明为准）,四字词、拼音字段、释义字段、重复项检查通过,自动二审通过，待人工终审
source-244,宝山空回,bǎo shān kōng huí,走进到处是宝物的山里，却空手出来。比喻根据条件，本来应该有丰富的收获，却一无所得（多指求知）。,海外有两句口号道刘好若临歧舌不知韵，如入宝山空手回。”★清·李汝珍《镜花缘》第二十八回,《大乘本生心地观经·离世间品》如人无手，虽至宝山，终无所得。”,crazywhalecc/idiom-database · MIT · 数据说明来自 pwxcoo/chinese-xinhua；原始文件：https://raw.githubusercontent.com/crazywhalecc/idiom-database/master/data/idiom.json,MIT（以源仓库声明为准）,四字词、拼音字段、释义字段、重复项检查通过,自动二审通过，待人工终审
source-245,饱经风霜,bǎo jīng fēng shuāng,饱充分；经经历；风霜比喻艰难困苦。形容经历过长期的艰难困苦的生活和斗争。,人们那被晒黑的～的脸上，显出严肃而紧张的神情。★冯德英《苦菜花》第一章,清·孔尚任《桃花扇》第二十一出鸡皮瘦损，看饱经雪霜，丝鬓如银。”,crazywhalecc/idiom-database · MIT · 数据说明来自 pwxcoo/chinese-xinhua；原始文件：https://raw.githubusercontent.com/crazywhalecc/idiom-database/master/data/idiom.json,MIT（以源仓库声明为准）,四字词、拼音字段、释义字段、重复项检查通过,自动二审通过，待人工终审
source-246,饱食暖衣,bǎo shí nuǎn yī,饱食吃得饱；暖衣穿得暖。形容生活宽裕，衣食丰足。,今为若计，欲舞文乱法，快意一时，而身陷刑戮乎？欲守公奉法，～，与妻子处乎？★清·王晫《今世说·政事》,《孟子·滕文公上》人之有道也饱食暖衣，逸居而无教，则近于禽兽。”,crazywhalecc/idiom-database · MIT · 数据说明来自 pwxcoo/chinese-xinhua；原始文件：https://raw.githubusercontent.com/crazywhalecc/idiom-database/master/data/idiom.json,MIT（以源仓库声明为准）,四字词、拼音字段、释义字段、重复项检查通过,自动二审通过，待人工终审
source-247,饱食终日,bǎo shí zhōng rì,终日整天。整天吃饱饭，不动脑筋，不干什么正经事。,人如果～，无所用心，那是最没有出息的。,《论语·阳货》饱食终日，无所用心，难矣哉！”,crazywhalecc/idiom-database · MIT · 数据说明来自 pwxcoo/chinese-xinhua；原始文件：https://raw.githubusercontent.com/crazywhalecc/idiom-database/master/data/idiom.json,MIT（以源仓库声明为准）,四字词、拼音字段、释义字段、重复项检查通过,自动二审通过，待人工终审
source-248,保残守缺,bǎo cán shǒu quē,①指汉代今文经学派儒生墨守残缺不全的今文经典而拘执一家之言◇常用以比喻泥古守旧，不知改进。②指保藏残缺的古籍文献。,两汉而下，维多～之人，六经所传，未有继往开来之哲。★清·顾炎武《华阴县朱子祠堂上梁文》,《汉书·刘歆传》信口说而背传记，是末师而非往古……犹欲保残守缺，挟恐见破之私意，而无从善服义之公心，或怀妒嫉，不考情实，雷同相从，随声是非，抑此三学。”,crazywhalecc/idiom-database · MIT · 数据说明来自 pwxcoo/chinese-xinhua；原始文件：https://raw.githubusercontent.com/crazywhalecc/idiom-database/master/data/idiom.json,MIT（以源仓库声明为准）,四字词、拼音字段、释义字段、重复项检查通过,自动二审通过，待人工终审
source-249,报李投桃,bào lǐ tóu táo,意思是他送给我桃儿，我以李子回赠他。比喻友好往来或互相赠送东西。,只指望～，那顾他祀佛看经。★明·高濂《玉簪记·诳告》,《诗经·大雅·抑》投我以桃，报之以李。”,crazywhalecc/idiom-database · MIT · 数据说明来自 pwxcoo/chinese-xinhua；原始文件：https://raw.githubusercontent.com/crazywhalecc/idiom-database/master/data/idiom.json,MIT（以源仓库声明为准）,四字词、拼音字段、释义字段、重复项检查通过,自动二审通过，待人工终审
source-250,抱布贸丝,bào bù mào sī,布古代一种货币；贸买卖。带了钱，来买丝。借指和女子接近。亦指进行商品交易。,今羞无语自沉吟，咫尺相思万里心。～君亦误，知音尽付七弦琴。★明·洪榝《清平山堂话本·风月瑞仙亭》,《诗经·卫风·氓》氓之蚩蚩，抱布贸丝。匪来贸丝，来即我谋。”,crazywhalecc/idiom-database · MIT · 数据说明来自 pwxcoo/chinese-xinhua；原始文件：https://raw.githubusercontent.com/crazywhalecc/idiom-database/master/data/idiom.json,MIT（以源仓库声明为准）,四字词、拼音字段、释义字段、重复项检查通过,自动二审通过，待人工终审
source-251,抱残守缺,bào cán shǒu quē,抱着残缺陈旧的东西不放。形容思想保守，不求改进。,这些似乎都是～，汇集众说而成。★朱自清《经典常谈·周易第二》,参见保残守缺”。,crazywhalecc/idiom-database · MIT · 数据说明来自 pwxcoo/chinese-xinhua；原始文件：https://raw.githubusercontent.com/crazywhalecc/idiom-database/master/data/idiom.json,MIT（以源仓库声明为准）,四字词、拼音字段、释义字段、重复项检查通过,自动二审通过，待人工终审
source-252,抱残守阙,bào cán shǒu quē,①守着残缺的东西不放。形容思想保守，不接受新事物。②谓笃守古学古道。③喻在条件很差的情况下坚持着做。,在新产品、新设备、新工艺、新材料竞相涌现的今天，任何一个企业，如果～，不注意品种质量，将会走投无路。★《人民日报》1981.4.2,清·江藩《汉学师承记·顾炎武》二君以瑰异之质，负经世之才……岂若抱残守阙之俗儒，寻章摘句之世士也哉？”阙，一本作缺”。,crazywhalecc/idiom-database · MIT · 数据说明来自 pwxcoo/chinese-xinhua；原始文件：https://raw.githubusercontent.com/crazywhalecc/idiom-database/master/data/idiom.json,MIT（以源仓库声明为准）,四字词、拼音字段、释义字段、重复项检查通过,自动二审通过，待人工终审
source-253,抱成一团,bào chéng yī tuán,保持一致，行动起来像一个人。形容关系极为亲密。,他们相互～，结党营私。,程树榛《大学时代》刘向明和另外两人，抱成一团，异想天开地搞什么科学研究，在同学中造成很坏的影响。”,crazywhalecc/idiom-database · MIT · 数据说明来自 pwxcoo/chinese-xinhua；原始文件：https://raw.githubusercontent.com/crazywhalecc/idiom-database/master/data/idiom.json,MIT（以源仓库声明为准）,四字词、拼音字段、释义字段、重复项检查通过,自动二审通过，待人工终审
source-254,抱打不平,bào dǎ bù píng,遇见不公平的事，挺身而出，帮助受欺负的一方。,不瞒两位说，老汉平生，最喜欢劫副教授济贫抑强扶弱～。★清·曾朴《孽海花》第三十五回,清·曹雪芹《红楼梦》第四十五回气的我只有替平儿打抱不平。”,crazywhalecc/idiom-database · MIT · 数据说明来自 pwxcoo/chinese-xinhua；原始文件：https://raw.githubusercontent.com/crazywhalecc/idiom-database/master/data/idiom.json,MIT（以源仓库声明为准）,四字词、拼音字段、释义字段、重复项检查通过,自动二审通过，待人工终审
source-255,抱负不凡,bào fù bù fán,抱负远大的志向。指有远大的志向，不同一般。,雨村兄真～也。★清·曹雪芹《红楼梦》第一回,宋·楼钥《绩溪县尉楼君墓志铭》念吾兄抱负不凡，不见于用。”,crazywhalecc/idiom-database · MIT · 数据说明来自 pwxcoo/chinese-xinhua；原始文件：https://raw.githubusercontent.com/crazywhalecc/idiom-database/master/data/idiom.json,MIT（以源仓库声明为准）,四字词、拼音字段、释义字段、重复项检查通过,自动二审通过，待人工终审
source-256,抱关击柝,bào guān jī tuò,柝木梆；抱关守关；击柝打更巡夜。守关巡夜的人。比喻职位卑下。,宜乎辞尊而居卑，辞富而居贫，若～者可也。★唐·韩愈《争臣论》,《孟子·万章下》为贫者，辞尊居卑，辞富居贫。辞尊居卑，辞富居贫，恶乎宜乎？抱关击柝。”,crazywhalecc/idiom-database · MIT · 数据说明来自 pwxcoo/chinese-xinhua；原始文件：https://raw.githubusercontent.com/crazywhalecc/idiom-database/master/data/idiom.json,MIT（以源仓库声明为准）,四字词、拼音字段、释义字段、重复项检查通过,自动二审通过，待人工终审
source-257,抱恨终天,bào hèn zhōng tiān,恨悔恨；终天终身。旧指因父母去世而一辈子感到悲痛。现指因做错某事而后悔一辈子。,今老母已丧，～，身虽在彼，誓不为设一谋。★明·罗贯中《三国演义》第四十一回,明·凌濛初《初刻拍案惊奇》卷十八丹客住了哭，对富翁道‘本待与主翁完成美事，少尽报效之心，论证知遭此大变，抱恨终天！’”,crazywhalecc/idiom-database · MIT · 数据说明来自 pwxcoo/chinese-xinhua；原始文件：https://raw.githubusercontent.com/crazywhalecc/idiom-database/master/data/idiom.json,MIT（以源仓库声明为准）,四字词、拼音字段、释义字段、重复项检查通过,自动二审通过，待人工终审
source-258,抱火厝薪,bào huǒ cuò xīn,厝同措”，置放。薪柴火。把火放在柴草底下。比喻危机即将出现。,汉文之世，九州晏然，贾谊独以为如抱火厝于积薪之下而寝其上。★《资治通鉴·世祖武皇帝泰始三年》,语出《汉书·贾谊传》夫抱火厝之积薪之下而寝其上，火未及燃，因谓之安，方今之势，何以异此？”,crazywhalecc/idiom-database · MIT · 数据说明来自 pwxcoo/chinese-xinhua；原始文件：https://raw.githubusercontent.com/crazywhalecc/idiom-database/master/data/idiom.json,MIT（以源仓库声明为准）,四字词、拼音字段、释义字段、重复项检查通过,自动二审通过，待人工终审
source-259,抱火卧薪,bào huǒ wò xīn,比喻处境险恶，而不自知。或指险事即将出现。,谊之所欲痛哭，比今为缓；～之喻，于今而急。★《三国志·吴志·华覈传》,语出汉·贾谊《新书·数宁》夫抱火厝之积薪之下，而寝其上，火未及燃，因谓之安，偷安者也。方今之势，何以异此？”,crazywhalecc/idiom-database · MIT · 数据说明来自 pwxcoo/chinese-xinhua；原始文件：https://raw.githubusercontent.com/crazywhalecc/idiom-database/master/data/idiom.json,MIT（以源仓库声明为准）,四字词、拼音字段、释义字段、重复项检查通过,自动二审通过，待人工终审
source-260,抱头鼠窜,bào tóu shǔ cuàn,抱着头，象老鼠那样惊慌逃跑。形容受到打击后狼狈逃跑。,吓得这些人一个个～而逃。★清·李宝嘉《文明小史》第九回,《汉书·蒯通传》始常山王、成安君故相与为刎颈之交，及争张黡、陈释之事，常山王奉头鼠窜，以归汉王。”,crazywhalecc/idiom-database · MIT · 数据说明来自 pwxcoo/chinese-xinhua；原始文件：https://raw.githubusercontent.com/crazywhalecc/idiom-database/master/data/idiom.json,MIT（以源仓库声明为准）,四字词、拼音字段、释义字段、重复项检查通过,自动二审通过，待人工终审
source-261,豹死留皮,bào sǐ liú pí,豹子死了，皮留在世间。比喻将好名声留传于后世。,则其人肉体虽死，精神永生。俗语说‘人死留名，～’，也就是这个意思。★冯玉祥《我的生活》第三十八章,《新五代史·王彦章传》豹死留皮，人死留名。”,crazywhalecc/idiom-database · MIT · 数据说明来自 pwxcoo/chinese-xinhua；原始文件：https://raw.githubusercontent.com/crazywhalecc/idiom-database/master/data/idiom.json,MIT（以源仓库声明为准）,四字词、拼音字段、释义字段、重复项检查通过,自动二审通过，待人工终审
source-262,鲍鱼之肆,bào yú zhī sì,鲍咸鱼；肆店铺。卖咸鱼的店。比喻坏人成堆的地方。,智者见智，仁者见仁，入～，而不自知其臭，其斯之谓乎？★清·忧患余生《〈官场现形记〉序》,汉·刘向《说苑·杂言》与恶人居，如入鲍鱼之肆，久而不闻其臭，亦与之化矣。”,crazywhalecc/idiom-database · MIT · 数据说明来自 pwxcoo/chinese-xinhua；原始文件：https://raw.githubusercontent.com/crazywhalecc/idiom-database/master/data/idiom.json,MIT（以源仓库声明为准）,四字词、拼音字段、释义字段、重复项检查通过,自动二审通过，待人工终审
source-263,暴风骤雨,bào fēng zhòu yǔ,暴、骤急速，突然。又猛又急的大风雨。比喻声势浩大，发展急速而猛烈。,有雌雄二鸟，原在一处同飞，忽被～惊散。★明·吴承恩《西游记》第六十九回,《老子》第二十三章故飘风不终朝，骤雨不终日。”,crazywhalecc/idiom-database · MIT · 数据说明来自 pwxcoo/chinese-xinhua；原始文件：https://raw.githubusercontent.com/crazywhalecc/idiom-database/master/data/idiom.json,MIT（以源仓库声明为准）,四字词、拼音字段、释义字段、重复项检查通过,自动二审通过，待人工终审
source-264,暴虎冯河,bào hǔ píng hé,暴虎空手搏虎；冯河涉水过河。比喻有勇无谋，鲁莽冒险。,俺张孔目怎还肯缘木求鱼，鲁斋郎他可敢～？★元·关汉卿《鲁斋郎》第四折,《诗经·小雅·小昮》不敢暴虎，不敢冯河；人知其一，莫知其他。”《论语·述而》暴虎冯河，死而无悔者，吾不与也。”,crazywhalecc/idiom-database · MIT · 数据说明来自 pwxcoo/chinese-xinhua；原始文件：https://raw.githubusercontent.com/crazywhalecc/idiom-database/master/data/idiom.json,MIT（以源仓库声明为准）,四字词、拼音字段、释义字段、重复项检查通过,自动二审通过，待人工终审
source-265,暴戾恣睢,bào lì zì suī,暴戾凶恶、残暴；恣睢任意做坏事。形容凶残横暴，想怎么干就怎么干。,这位新官，或是慈祥恺恻，叫人感恩；或是暴戾瓷睢，叫人畏惧，做书的人，都不暇细表。★清·李宝嘉《文明小史》第十二回,《史记·伯夷列传》暴戾恣雎，聚党数千人，横行天下。”,crazywhalecc/idiom-database · MIT · 数据说明来自 pwxcoo/chinese-xinhua；原始文件：https://raw.githubusercontent.com/crazywhalecc/idiom-database/master/data/idiom.json,MIT（以源仓库声明为准）,四字词、拼音字段、释义字段、重复项检查通过,自动二审通过，待人工终审
source-266,暴腮龙门,pù sāi lóng mén,象鱼仰望龙门而不得上一样。科举时代比喻应进士试不第，后也比喻生活遭遇挫折，处境窘迫。,江海大鱼集门下，不得上；上即为龙。故云‘～，垂耳辕下。’★明·李贽《初潭集·师友六》,《太平御览》卷四十引《辛氏三秦记》河津一名龙门，巨灵迹犹在，去长安九百里。江海大鱼洎集门下数千，不得上，上则为龙，故云暴腮龙门。”,crazywhalecc/idiom-database · MIT · 数据说明来自 pwxcoo/chinese-xinhua；原始文件：https://raw.githubusercontent.com/crazywhalecc/idiom-database/master/data/idiom.json,MIT（以源仓库声明为准）,四字词、拼音字段、释义字段、重复项检查通过,自动二审通过，待人工终审
source-267,暴殄天物,bào tiǎn tiān wù,暴损害，糟蹋；殄灭绝；天物指自然生物。原指残害灭绝天生万物◇指任意糟蹋东西，不知爱惜。,既有许多值钱有东西，任人作践了，也似乎～。★清·曹雪芹《红楼梦》第五十六回,《尚书·武成》今商王受无道，暴殄天物，害虐焌民。”,crazywhalecc/idiom-database · MIT · 数据说明来自 pwxcoo/chinese-xinhua；原始文件：https://raw.githubusercontent.com/crazywhalecc/idiom-database/master/data/idiom.json,MIT（以源仓库声明为准）,四字词、拼音字段、释义字段、重复项检查通过,自动二审通过，待人工终审
source-268,暴跳如雷,bào tiào rú léi,暴暴烈，急躁。急怒叫跳，象打雷一样猛烈。形容又急又怒，大发脾气的样子。,他哥哥知道了，气得～。叫了他去骂。★清·吴趼人《二十年目睹之怪现状》第二十三回,《古诗为焦仲卿妻作》我有亲父兄，性行暴如雷。”,crazywhalecc/idiom-database · MIT · 数据说明来自 pwxcoo/chinese-xinhua；原始文件：https://raw.githubusercontent.com/crazywhalecc/idiom-database/master/data/idiom.json,MIT（以源仓库声明为准）,四字词、拼音字段、释义字段、重复项检查通过,自动二审通过，待人工终审
source-269,暴衣露盖,pù yī lù gài,日晒衣裳，露湿车盖。形容奔波劳碌。暴，晒。,陛下～，栉风沐雨，曾不顾惜此。★明·杨慎《丁丑封事》,《史记·萧相国世家》鲍生谓丞相曰‘王暴衣露盖，数使使劳苦君者，有疑君心也。’”,crazywhalecc/idiom-database · MIT · 数据说明来自 pwxcoo/chinese-xinhua；原始文件：https://raw.githubusercontent.com/crazywhalecc/idiom-database/master/data/idiom.json,MIT（以源仓库声明为准）,四字词、拼音字段、释义字段、重复项检查通过,自动二审通过，待人工终审
source-270,暴衣露冠,pù yī lù guàn,日晒衣裳，露湿冠冕。形容奔波劳碌。暴，晒。,足下甚苦，～，将兵助楚讨不义，足不何不自喜也？臣原以事见，而曰‘吾方以天下为事，未暇见儒人也’。★《史记·郦生陆贾列传》,《汉书·燕刺王刘旦传》今宗室子孙，曾无暴衣露冠之劳，裂地而王之，分财而赐之，父死子继，兄终弟及。”,crazywhalecc/idiom-database · MIT · 数据说明来自 pwxcoo/chinese-xinhua；原始文件：https://raw.githubusercontent.com/crazywhalecc/idiom-database/master/data/idiom.json,MIT（以源仓库声明为准）,四字词、拼音字段、释义字段、重复项检查通过,自动二审通过，待人工终审
source-271,暴躁如雷,bào zào rú léi,暴暴烈，急躁。急怒叫跳，象打雷一样猛烈。形容又急又怒，大发脾气的样子。,严贡生越发恼得～。★清·吴敬梓《儒林外史》第六回,《古诗为焦仲卿妻作》我有亲父兄，性行暴如雷。”,crazywhalecc/idiom-database · MIT · 数据说明来自 pwxcoo/chinese-xinhua；原始文件：https://raw.githubusercontent.com/crazywhalecc/idiom-database/master/data/idiom.json,MIT（以源仓库声明为准）,四字词、拼音字段、释义字段、重复项检查通过,自动二审通过，待人工终审
source-272,卑辞重币,bēi cí zhòng bì,卑谦恭；重厚；币礼物。说谦虚的话，送厚重的礼。形容对人有所求。,君诚不惜～，以求诸侯于楚，楚必许之。★明·冯梦龙《东周列国志》第三十三回,《战国策·秦策三》楚赵附则齐必惧，惧必卑辞重币以事秦。”,crazywhalecc/idiom-database · MIT · 数据说明来自 pwxcoo/chinese-xinhua；原始文件：https://raw.githubusercontent.com/crazywhalecc/idiom-database/master/data/idiom.json,MIT（以源仓库声明为准）,四字词、拼音字段、释义字段、重复项检查通过,自动二审通过，待人工终审
source-273,卑宫菲食,bēi gōng fěi shí,指宫室简陋，饮食菲薄。旧时用以称美朝廷自奉节俭的功德。,～，以丰功臣之赏；披怀虚己，以纳谟士之算。★晋·陆机《辩亡论下》,语出《论语·泰伯》禹，吾无间然矣！菲饮食，而致孝乎鬼神；恶衣服，而致美乎黻冕；卑宫室，而尽力乎沟洫。”,crazywhalecc/idiom-database · MIT · 数据说明来自 pwxcoo/chinese-xinhua；原始文件：https://raw.githubusercontent.com/crazywhalecc/idiom-database/master/data/idiom.json,MIT（以源仓库声明为准）,四字词、拼音字段、释义字段、重复项检查通过,自动二审通过，待人工终审
source-274,卑躬屈节,bēi gōng qū jié,卑躬低头弯腰；屈节屈辱节操。形容没有骨气，低声下气地讨好奉承。,小兔子～，拿了愚表弟萧慎的名片。★清·李宝嘉《官场现形记》第四十二回,宋·魏了翁《江陵州丛兰精舍记》公卿大臣皆卑躬屈膝唯后，虽谢安石之贤也，而犹不能免。”,crazywhalecc/idiom-database · MIT · 数据说明来自 pwxcoo/chinese-xinhua；原始文件：https://raw.githubusercontent.com/crazywhalecc/idiom-database/master/data/idiom.json,MIT（以源仓库声明为准）,四字词、拼音字段、释义字段、重复项检查通过,自动二审通过，待人工终审
source-275,卑躬屈膝,bēi gōng qū xī,卑躬低头弯腰；屈膝下跪。形容没有骨气，低声下气地讨好奉承。,不管有多大困难也不能向朝廷～，用变节投降的办法，苟安一时。★姚雪垠《李自成》第一卷第十四章,宋·魏了翁《江陵州丛兰精舍记》公卿大臣皆卑躬屈膝唯后，虽谢安石之贤也，而犹不能免。”,crazywhalecc/idiom-database · MIT · 数据说明来自 pwxcoo/chinese-xinhua；原始文件：https://raw.githubusercontent.com/crazywhalecc/idiom-database/master/data/idiom.json,MIT（以源仓库声明为准）,四字词、拼音字段、释义字段、重复项检查通过,自动二审通过，待人工终审
source-276,卑礼厚币,bēi lǐ hòu bì,卑礼谦恭的礼节；厚币厚重的币帛。比喻聘请人员的郑重殷切。,朝廷～来延聘他，他在宋朝有多大的前程，要装模作样，高蹈远引，这便是不中抬举了。★清·吴趼人《痛史》第二十回,《史记·魏世家》惠王数败于军旅，卑礼厚币以招贤。”,crazywhalecc/idiom-database · MIT · 数据说明来自 pwxcoo/chinese-xinhua；原始文件：https://raw.githubusercontent.com/crazywhalecc/idiom-database/master/data/idiom.json,MIT（以源仓库声明为准）,四字词、拼音字段、释义字段、重复项检查通过,自动二审通过，待人工终审
source-277,杯弓蛇影,bēi gōng shé yǐng,将映在酒杯里的弓影误认为蛇。比喻因疑神疑鬼而引起恐惧。,金玦厖凉含隐痛，～负奇冤。★清·黄遵宪《感事》诗,汉·应劭《风俗通义·世间多有见怪》时北壁上有悬赤弩照于杯，形如蛇。宣畏恶之，然不敢不饮。”,crazywhalecc/idiom-database · MIT · 数据说明来自 pwxcoo/chinese-xinhua；原始文件：https://raw.githubusercontent.com/crazywhalecc/idiom-database/master/data/idiom.json,MIT（以源仓库声明为准）,四字词、拼音字段、释义字段、重复项检查通过,自动二审通过，待人工终审
source-278,杯盘狼藉,bēi pán láng jí,狼藉象狼窝里的草那样散乱。杯子盘子乱七八糟地放着。形容吃喝以后桌面杂乱的样子。,这桌子微醺，那桌子半酣，～，言语喧哗。★清·李绿园《歧路灯》第八十八回,《史记·滑稽列传》日暮酒阑，合尊促坐，男女同席，履舄交错，杯盘狠藉。”,crazywhalecc/idiom-database · MIT · 数据说明来自 pwxcoo/chinese-xinhua；原始文件：https://raw.githubusercontent.com/crazywhalecc/idiom-database/master/data/idiom.json,MIT（以源仓库声明为准）,四字词、拼音字段、释义字段、重复项检查通过,自动二审通过，待人工终审
source-279,杯盘狼籍,bēi pán láng jí,杯盘等放得乱七八糟。形容宴饮已毕或将毕时的情景。,[美娘]醉眼朦胧，看见房中灯烛辉煌，～。★《醒世恒言·卖油郎独占花魁》,见杯盘狼藉”。,crazywhalecc/idiom-database · MIT · 数据说明来自 pwxcoo/chinese-xinhua；原始文件：https://raw.githubusercontent.com/crazywhalecc/idiom-database/master/data/idiom.json,MIT（以源仓库声明为准）,四字词、拼音字段、释义字段、重复项检查通过,自动二审通过，待人工终审
source-280,杯水车薪,bēi shuǐ chē xīn,用一杯水去救一车着了火的柴草。比喻力量太小，解决不了问题。,有新债未动毫分的，除了承许夏鼎三十两外，大有～之状。★清·李绿园《歧路灯》第七十四回,《孟子·告子上》今之为人者，犹以一杯水救一车薪之火也。”,crazywhalecc/idiom-database · MIT · 数据说明来自 pwxcoo/chinese-xinhua；原始文件：https://raw.githubusercontent.com/crazywhalecc/idiom-database/master/data/idiom.json,MIT（以源仓库声明为准）,四字词、拼音字段、释义字段、重复项检查通过,自动二审通过，待人工终审
source-281,杯中蛇影,bēi zhōng shé yǐng,比喻因疑神疑鬼而引起恐惧。同杯弓蛇影”。,～，《世说》以为乐广事，《风俗通》以为主簿杜宣事。★清·袁枚《随园随笔·古书所载不同》,明·程登吉《幼学琼林·鸟兽》杯中蛇影，自起猜疑；塞翁失马，难分祸福。龙驹凤雏，晋闵鸿夸吴中陆士龙之异；伏龙凤雏，司马徽称孔明庞士元之奇。”,crazywhalecc/idiom-database · MIT · 数据说明来自 pwxcoo/chinese-xinhua；原始文件：https://raw.githubusercontent.com/crazywhalecc/idiom-database/master/data/idiom.json,MIT（以源仓库声明为准）,四字词、拼音字段、释义字段、重复项检查通过,自动二审通过，待人工终审
source-282,悲不自胜,bēi bù zì shèng,胜能承受。悲伤得自己不能承受。形容极度悲伤。,是年冬初，丽人无故，忽潸然泪下，～，怪而问之，初则隐忍弗言，继则举声大恸。★明·李昌祺《剪灯余话·秋夕访琵琶亭记》,汉·荀悦《汉纪·平帝纪》太后因号泣而言，左右莫不垂涕，舜百万不自胜。”北周·庾信《哀江南赋序》《燕歌》远别，悲不自胜。”,crazywhalecc/idiom-database · MIT · 数据说明来自 pwxcoo/chinese-xinhua；原始文件：https://raw.githubusercontent.com/crazywhalecc/idiom-database/master/data/idiom.json,MIT（以源仓库声明为准）,四字词、拼音字段、释义字段、重复项检查通过,自动二审通过，待人工终审
source-283,悲欢离合,bēi huān lí hé,悲伤、欢乐、离散、聚会。泛指生活中经历的各种境遇和由此产生的各种心情。,童年的记忆最单纯最真切，影响最深最久，种种～，回想起来最有意思。★朱自清《我是扬州人》,宋·苏轼《水调歌头》词人有悲欢离合，月有阴睛阳缺，此事古难全。”,crazywhalecc/idiom-database · MIT · 数据说明来自 pwxcoo/chinese-xinhua；原始文件：https://raw.githubusercontent.com/crazywhalecc/idiom-database/master/data/idiom.json,MIT（以源仓库声明为准）,四字词、拼音字段、释义字段、重复项检查通过,自动二审通过，待人工终审
source-284,悲天悯人,bēi tiān mǐn rén,悲天哀叹时世；悯人怜惜众人。指哀叹时世的艰难，怜惜人们的痛苦。,君生平绝口弗谈政治，独其～之怀，流露于不自觉，有如此者。★柳亚子《燕子龛遗诗序》,唐·韩愈《争臣论》彼二圣一贤者，岂不知自安佚之为乐哉？诚畏天命而悲人穷也。”,crazywhalecc/idiom-database · MIT · 数据说明来自 pwxcoo/chinese-xinhua；原始文件：https://raw.githubusercontent.com/crazywhalecc/idiom-database/master/data/idiom.json,MIT（以源仓库声明为准）,四字词、拼音字段、释义字段、重复项检查通过,自动二审通过，待人工终审
source-285,北门锁钥,běi mén suǒ yuè,原指北城门上的锁和钥匙◇借指北方的军事要地。,宋·朱熹《五朝名臣言行录》皇上以朝廷无事，北门锁钥，非准不可。”,《左传·僖公三十二年》杞子自郑使告于秦，曰‘郑人使我掌其北门之管，若潜师以来，国可得也。’”,crazywhalecc/idiom-database · MIT · 数据说明来自 pwxcoo/chinese-xinhua；原始文件：https://raw.githubusercontent.com/crazywhalecc/idiom-database/master/data/idiom.json,MIT（以源仓库声明为准）,四字词、拼音字段、释义字段、重复项检查通过,自动二审通过，待人工终审
source-286,北辕适楚,běi yuán shì chǔ,北辕车子向北行驶；适到。楚在南方，赶着车往南走。比喻行动与目的相反。,欲望凤来百兽舞，何异北辕将适楚。★唐·白居易《新乐府·立部伎》,《战国策·魏策四》犹至楚而北行也。”汉·荀悦《申鉴·杂言下》先民有言适楚而北辕者，曰‘吾马良，用多，御善。’此三者益侈，其去楚亦远矣。”,crazywhalecc/idiom-database · MIT · 数据说明来自 pwxcoo/chinese-xinhua；原始文件：https://raw.githubusercontent.com/crazywhalecc/idiom-database/master/data/idiom.json,MIT（以源仓库声明为准）,四字词、拼音字段、释义字段、重复项检查通过,自动二审通过，待人工终审
source-287,北辙南辕,běi zhé nán yuán,①想往南却驾车向北行驶。比喻行为和目的相反。②车子北往南来。喻人行无定迹。,数十年以来，～，风樯篷底，有所见即借钞，或录草稿以归。★清·陆以湉《冷庐杂识·徐敬斋明经》,见北辕适楚”。,crazywhalecc/idiom-database · MIT · 数据说明来自 pwxcoo/chinese-xinhua；原始文件：https://raw.githubusercontent.com/crazywhalecc/idiom-database/master/data/idiom.json,MIT（以源仓库声明为准）,四字词、拼音字段、释义字段、重复项检查通过,自动二审通过，待人工终审
source-288,背碑覆局,bèi bēi fù jú,看过的碑文能背诵，棋局乱后能复旧。指记忆力强。,智周聪慧，举朝无比，日诵数万言，能～。★《太平广记》卷一四七引唐·韩琬《御史台记·高智周》,《旧唐书·文苑传上·张蕴古》张蕴古，相州洹水人也。性聪敏，博涉书传，善缀文，能背碑覆局，尤晓时务，为州闾所称。”,crazywhalecc/idiom-database · MIT · 数据说明来自 pwxcoo/chinese-xinhua；原始文件：https://raw.githubusercontent.com/crazywhalecc/idiom-database/master/data/idiom.json,MIT（以源仓库声明为准）,四字词、拼音字段、释义字段、重复项检查通过,自动二审通过，待人工终审
source-289,背城借一,bèi chéng jiè yī,背背向；借凭借；一一战。在自己城下和敌人决一死战。多指决定存亡的最后一战。,合家细弱，依栖于此，屡被封家女子，横见摧残，今欲～，烦君属檄草耳。★清·蒲松龄《聊斋志异·绛妃》,《左传·成公二年》请收合余烬，背城借一。”,crazywhalecc/idiom-database · MIT · 数据说明来自 pwxcoo/chinese-xinhua；原始文件：https://raw.githubusercontent.com/crazywhalecc/idiom-database/master/data/idiom.json,MIT（以源仓库声明为准）,四字词、拼音字段、释义字段、重复项检查通过,自动二审通过，待人工终审
source-290,背城一战,bèi chéng yī zhàn,背背向。在自己城下和敌人决一死战。多指决定存亡的最后一战。,他皱着眉头问道可是我们怎么～呢？”★茅盾《子夜》十八,《左传·成公二年》请收合余烬，背城借一。”,crazywhalecc/idiom-database · MIT · 数据说明来自 pwxcoo/chinese-xinhua；原始文件：https://raw.githubusercontent.com/crazywhalecc/idiom-database/master/data/idiom.json,MIT（以源仓库声明为准）,四字词、拼音字段、释义字段、重复项检查通过,自动二审通过，待人工终审
source-291,背道而驰,bèi dào ér chí,背背向；道道路；驰奔跑。朝相反的方向跑去。比喻彼此的方向和目的完全相反。,道学先生于是乎从而禁之，虽然很象～，其实倒是心心相印。★鲁迅《坟·从胡须说到牙齿》,唐·柳宗元《〈杨评事文集〉后序》其余各探一隅，相与背驰于道者，其去弥远。”,crazywhalecc/idiom-database · MIT · 数据说明来自 pwxcoo/chinese-xinhua；原始文件：https://raw.githubusercontent.com/crazywhalecc/idiom-database/master/data/idiom.json,MIT（以源仓库声明为准）,四字词、拼音字段、释义字段、重复项检查通过,自动二审通过，待人工终审
source-292,背井离乡,bèi jǐng lí xiāng,背离开；井古制八家为井，引伸为乡里，家宅。离开家乡到外地。,～，卧雪眠霜。★元·马致远《汉宫秋》第三折,元·贾仲名《对玉梳》第一折送的他离乡背井，进退无门。,crazywhalecc/idiom-database · MIT · 数据说明来自 pwxcoo/chinese-xinhua；原始文件：https://raw.githubusercontent.com/crazywhalecc/idiom-database/master/data/idiom.json,MIT（以源仓库声明为准）,四字词、拼音字段、释义字段、重复项检查通过,自动二审通过，待人工终审
source-293,背水一战,bèi shuǐ yī zhàn,背水背向水，表示没有退路。比喻与敌人决一死战。,挫折也有两重性。它可以把人置于死地，也可能使人置于死地而后生。他只有～了。★理由《高山与平原》,《史记·淮阴侯列传》信乃使万人先行，出，背水陈。赵军望见而大笑。”,crazywhalecc/idiom-database · MIT · 数据说明来自 pwxcoo/chinese-xinhua；原始文件：https://raw.githubusercontent.com/crazywhalecc/idiom-database/master/data/idiom.json,MIT（以源仓库声明为准）,四字词、拼音字段、释义字段、重复项检查通过,自动二审通过，待人工终审
source-294,背信弃义,bèi xìn qì yì,背违背；信信用；弃扔掉；义道义。违背诺言，不讲道义。,～是插在我背上的一把尖刀。★曹禺《王昭君》第五幕,《北史·周纪下·高祖武帝》背惠怒邻，弃信忘义。”,crazywhalecc/idiom-database · MIT · 数据说明来自 pwxcoo/chinese-xinhua；原始文件：https://raw.githubusercontent.com/crazywhalecc/idiom-database/master/data/idiom.json,MIT（以源仓库声明为准）,四字词、拼音字段、释义字段、重复项检查通过,自动二审通过，待人工终审
source-295,倍道兼行,bèi dào jiān xíng,倍、兼加倍；道指行程。每天加倍行进，一天走两天的路程。形容加速急行。,～，召三方兵，大会于陈许之郊。★《晋书·景帝纪》,《孙子·军争》日夜不处，倍道兼行，百里而争利，则擒三将军。”,crazywhalecc/idiom-database · MIT · 数据说明来自 pwxcoo/chinese-xinhua；原始文件：https://raw.githubusercontent.com/crazywhalecc/idiom-database/master/data/idiom.json,MIT（以源仓库声明为准）,四字词、拼音字段、释义字段、重复项检查通过,自动二审通过，待人工终审
source-296,悖入悖出,bèi rù bèi chū,悖违背、胡乱。用不正当的手段得来的财物，也会被别人用不正当的手段拿去→乱弄来的钱又胡乱花掉。,诉者多矣。神以为～，自作之愆；杀人人杀，相酬之道，置不为理也。★清·纪昀《阅微草堂笔记·槐西杂志四》,《礼记·大学》是故言悖而出者亦悖而入；货悖而入者亦悖而出。”,crazywhalecc/idiom-database · MIT · 数据说明来自 pwxcoo/chinese-xinhua；原始文件：https://raw.githubusercontent.com/crazywhalecc/idiom-database/master/data/idiom.json,MIT（以源仓库声明为准）,四字词、拼音字段、释义字段、重复项检查通过,自动二审通过，待人工终审
source-297,被发文身,pī fà wén shēn,被发散发；文身身上刺花纹。原指古代吴越一代的风俗◇也用以泛指未开化地带的风俗。,禹入裸国，～，墨子入楚，锦衣吹笙，非乐而为此也。★章炳麟《驳康有为论革命书》,《礼记·王制》东方曰夷，被发文身。”,crazywhalecc/idiom-database · MIT · 数据说明来自 pwxcoo/chinese-xinhua；原始文件：https://raw.githubusercontent.com/crazywhalecc/idiom-database/master/data/idiom.json,MIT（以源仓库声明为准）,四字词、拼音字段、释义字段、重复项检查通过,自动二审通过，待人工终审
source-298,被发缨冠,pī fà yīng guàn,来不及将头发束好，来不及将帽带系上。形容急于去救助别人。,此种举动，岂英之前人曾受黑番何项德泽，不然，何～如此耶？★严复《救亡决论》,《孟子·离娄下》今有同室之人斗者，救之，虽被发缨冠而救之可也。”,crazywhalecc/idiom-database · MIT · 数据说明来自 pwxcoo/chinese-xinhua；原始文件：https://raw.githubusercontent.com/crazywhalecc/idiom-database/master/data/idiom.json,MIT（以源仓库声明为准）,四字词、拼音字段、释义字段、重复项检查通过,自动二审通过，待人工终审
source-299,被发左衽,pī fà zuǒ rèn,被发散发不作髻；左衽瓣襟向左掩。指古代中原地区以外少数民族的装束。也指沦为夷狄。,或～，奋迅泥滓。★晋·潘岳《西征赋》,《论语·宪问》微管仲，吾其被发左衽矣。”,crazywhalecc/idiom-database · MIT · 数据说明来自 pwxcoo/chinese-xinhua；原始文件：https://raw.githubusercontent.com/crazywhalecc/idiom-database/master/data/idiom.json,MIT（以源仓库声明为准）,四字词、拼音字段、释义字段、重复项检查通过,自动二审通过，待人工终审
source-300,被褐怀玉,pī hè huái yù,身穿粗布衣服而怀抱美玉。比喻虽是贫寒出身，但有真才实学。,今天下得无有～而钓于渭滨者乎？★三国魏·曹操《求贤令》,《老子》第七十章知我者希，则我者贵，是以圣人被褐怀玉。”,crazywhalecc/idiom-database · MIT · 数据说明来自 pwxcoo/chinese-xinhua；原始文件：https://raw.githubusercontent.com/crazywhalecc/idiom-database/master/data/idiom.json,MIT（以源仓库声明为准）,四字词、拼音字段、释义字段、重复项检查通过,自动二审通过，待人工终审
source-301,被褐怀珠,pī hè huái zhū,身穿粗布衣服而怀抱宝珠。比喻虽是贫寒出身，但有真才实学。,他则是假躯劳幻世愚眸，～，含素藏脩。★明·朱权《冲漠子》第四折,《老子》第七十章知我者希，则我者贵，是以圣人被褐怀玉。”,crazywhalecc/idiom-database · MIT · 数据说明来自 pwxcoo/chinese-xinhua；原始文件：https://raw.githubusercontent.com/crazywhalecc/idiom-database/master/data/idiom.json,MIT（以源仓库声明为准）,四字词、拼音字段、释义字段、重复项检查通过,自动二审通过，待人工终审
source-302,被坚执锐,pī jiān zhí ruì,穿坚固甲胄，握锐利武器。谓上阵战斗或作好战斗准备。,其将帅首鼠两端，唯利是视，孰能～，长驱深入，系马埋轮，奋不顾命，以先士卒者乎！★宋·司马光《资治通鉴》卷第一百六十九,汉·班固《汉书·高帝纪》前日天下大乱，兵革并起，万民苦殃，朕亲被坚执锐，自帅士卒，犯危难，平暴乱，立诸侯，偃兵息民，天下大安，此皆太公之教训也。”,crazywhalecc/idiom-database · MIT · 数据说明来自 pwxcoo/chinese-xinhua；原始文件：https://raw.githubusercontent.com/crazywhalecc/idiom-database/master/data/idiom.json,MIT（以源仓库声明为准）,四字词、拼音字段、释义字段、重复项检查通过,自动二审通过，待人工终审
source-303,奔轶绝尘,bēn yì jué chén,形容跑得极快，迅速前进。绝尘，脚不沾尘土。,章太炎却自崖而返”，退居于宁静的学者，鲁迅则～，自此远矣”。★宋云彬《因纪念鲁迅而想到章太炎》,见奔逸绝尘”。,crazywhalecc/idiom-database · MIT · 数据说明来自 pwxcoo/chinese-xinhua；原始文件：https://raw.githubusercontent.com/crazywhalecc/idiom-database/master/data/idiom.json,MIT（以源仓库声明为准）,四字词、拼音字段、释义字段、重复项检查通过,自动二审通过，待人工终审
source-304,奔走呼号,bēn zǒu hū háo,奔走奔跑◆号叫喊。一面奔跑，一面呼唤。形容处于困境而求援。,勇敢的国民，一经览到二十一条件，群以为亡国惨兆，就在目前，于是～，力图挽救。★蔡东藩、许廑父《民国通俗演义》第四十二回,明·王守仁《王文成公全书·南镇祷雨文》卷二十五守土官帅其吏民奔走呼号，维是祈祷告请，亦无不至矣，而犹雨泽未应，旱烈益张。”,crazywhalecc/idiom-database · MIT · 数据说明来自 pwxcoo/chinese-xinhua；原始文件：https://raw.githubusercontent.com/crazywhalecc/idiom-database/master/data/idiom.json,MIT（以源仓库声明为准）,四字词、拼音字段、释义字段、重复项检查通过,自动二审通过，待人工终审
source-305,本来面目,běn lái miàn mù,原为佛家语，指人的本性◇多比喻事物原来的模样。,这一润色，留传固然留传了，但可惜的是一定失去了许多～。★鲁迅《且介亭杂文·门外文谈》,唐·慧能《六祖坛经·行由品》不思善，不思恶，正与么时，那个是明上座本来面目。”宋·苏轼《老人行》诗一任秋霜换鬓毛，本来面目长如故。”,crazywhalecc/idiom-database · MIT · 数据说明来自 pwxcoo/chinese-xinhua；原始文件：https://raw.githubusercontent.com/crazywhalecc/idiom-database/master/data/idiom.json,MIT（以源仓库声明为准）,四字词、拼音字段、释义字段、重复项检查通过,自动二审通过，待人工终审
source-306,本末倒置,běn mò dào zhì,本树根；末树梢；置放。比喻把主次、轻重的位置弄颠倒了。,该简者你却详而不简，该详者你又简而不详。～，批评你还不愿意？乱弹琴！★曲波《林海雪原》一二,金·无名氏《绥德州新学记》然非知治之审，则未尝不本末倒置。”,crazywhalecc/idiom-database · MIT · 数据说明来自 pwxcoo/chinese-xinhua；原始文件：https://raw.githubusercontent.com/crazywhalecc/idiom-database/master/data/idiom.json,MIT（以源仓库声明为准）,四字词、拼音字段、释义字段、重复项检查通过,自动二审通过，待人工终审
source-307,笨鸟先飞,bèn niǎo xiān fēi,行动笨拙的鸟要先飞。比喻能力差的人怕落后，做事比别人先动手。,女儿刻苦、自觉、用功，全靠～保持了各门功课全班第一。★毕飞宇《九层电梯》,元·关汉卿《陈母教子》第一折我和你有个比喻我似那灵禽在后，你这等坌（笨）鸟先飞。”,crazywhalecc/idiom-database · MIT · 数据说明来自 pwxcoo/chinese-xinhua；原始文件：https://raw.githubusercontent.com/crazywhalecc/idiom-database/master/data/idiom.json,MIT（以源仓库声明为准）,四字词、拼音字段、释义字段、重复项检查通过,自动二审通过，待人工终审
source-308,绷扒吊拷,bēng bā diào kǎo,古代的一种刑罚。强行脱去衣服，捆绑并吊起来拷打。绷捆绑。扒脱掉。,他把～般般用，情节根由细细穷，那其间枯皮朽骨难禁痛，少不得从实攀供。★元·纪君祥《赵氏孤儿》第二折,元·李行道《灰阑记》第二折你若经官发落，这绷扒吊拷要桩桩儿捱过。”元·王仲文《救孝子》第三折并无聪明正直的心腹，尽都是那绷扒吊拷的招状。”,crazywhalecc/idiom-database · MIT · 数据说明来自 pwxcoo/chinese-xinhua；原始文件：https://raw.githubusercontent.com/crazywhalecc/idiom-database/master/data/idiom.json,MIT（以源仓库声明为准）,四字词、拼音字段、释义字段、重复项检查通过,自动二审通过，待人工终审
source-309,逼上梁山,bī shàng liáng shān,比喻被迫起来反抗。现也比喻被迫采取某种行动。,可以说差不多的人都是～的。★姚雪垠《李自成》第一卷第二十八章,明·施耐庵《水浒全传》第十一回林冲雪夜上梁山。”,crazywhalecc/idiom-database · MIT · 数据说明来自 pwxcoo/chinese-xinhua；原始文件：https://raw.githubusercontent.com/crazywhalecc/idiom-database/master/data/idiom.json,MIT（以源仓库声明为准）,四字词、拼音字段、释义字段、重复项检查通过,自动二审通过，待人工终审
source-310,鼻青眼肿,bí qīng yǎn zhǒng,鼻子发青，眼睛肿起。形容脸部伤势严重。亦比喻遭受严重打击、挫折的狼狈相。,现在蒋介石在其他各战场，碰得～。★杜鹏程《保卫延安》第二章,《醒世姻缘传》第三五回众人齐上，把一个德行之儒做下了个胯下之客，打得鼻青眼肿。”,crazywhalecc/idiom-database · MIT · 数据说明来自 pwxcoo/chinese-xinhua；原始文件：https://raw.githubusercontent.com/crazywhalecc/idiom-database/master/data/idiom.json,MIT（以源仓库声明为准）,四字词、拼音字段、释义字段、重复项检查通过,自动二审通过，待人工终审
source-311,匕鬯不惊,bǐ chàng bù jīng,匕古代的一种勺子；鬯香酒；匕和鬯都是古代宗庙祭祀用物。形容军纪严明，所到之处，百姓安居，宗庙祭祀，照常进行。,赣、宁之乱，坐镇上游，～，指挥若定。★蔡东藩、许廑父《民国通俗演义》第三十六回,《周易·震》震惊百里，不丧匕鬯。”,crazywhalecc/idiom-database · MIT · 数据说明来自 pwxcoo/chinese-xinhua；原始文件：https://raw.githubusercontent.com/crazywhalecc/idiom-database/master/data/idiom.json,MIT（以源仓库声明为准）,四字词、拼音字段、释义字段、重复项检查通过,自动二审通过，待人工终审
source-312,比比皆是,bǐ bǐ jiē shì,比比一个挨一个。到处都是，形容极其常见。,上自朝廷，下至草野，～。★清·曹雪芹《红楼梦》第二回,《战国策·秦策一》犯白刃，蹈煨炭，断死于前者，比是也。”宋·包拯《请救济江淮饥民疏》年亢旱，民食艰阻，流亡者比比皆是。”,crazywhalecc/idiom-database · MIT · 数据说明来自 pwxcoo/chinese-xinhua；原始文件：https://raw.githubusercontent.com/crazywhalecc/idiom-database/master/data/idiom.json,MIT（以源仓库声明为准）,四字词、拼音字段、释义字段、重复项检查通过,自动二审通过，待人工终审
source-313,比户可封,bǐ hù kě fēng,差不多每家每户都有可受封爵的德行。用以泛指风俗淳美。,夫古之所谓至治极盛者，曰‘家给人足’，曰‘～’，曰‘刑措不用’。★严复《原强》,见比屋可封”。,crazywhalecc/idiom-database · MIT · 数据说明来自 pwxcoo/chinese-xinhua；原始文件：https://raw.githubusercontent.com/crazywhalecc/idiom-database/master/data/idiom.json,MIT（以源仓库声明为准）,四字词、拼音字段、释义字段、重复项检查通过,自动二审通过，待人工终审
source-314,比肩而立,bǐ jiān ér lì,比肩并肩。肩并肩地站立。比喻彼此距离极近。,虽使间世而生，何异～！★宋·陈亮《贺周丞相启》,《战国策·齐策三》寡人闻之，千里而一士，是比肩而立；百世而一圣，若随踵而至。”,crazywhalecc/idiom-database · MIT · 数据说明来自 pwxcoo/chinese-xinhua；原始文件：https://raw.githubusercontent.com/crazywhalecc/idiom-database/master/data/idiom.json,MIT（以源仓库声明为准）,四字词、拼音字段、释义字段、重复项检查通过,自动二审通过，待人工终审
source-315,比肩继踵,bǐ jiān jì zhǒng,比挨着；踵脚跟。肩挨着肩，脚跟着脚。形容人很多，很拥挤。,大街上，行人～，十分热闹。,《晏子春秋·杂下》临淄三百闾，张袂成阴，挥汗成雨，比肩继踵而在，何为无人。”,crazywhalecc/idiom-database · MIT · 数据说明来自 pwxcoo/chinese-xinhua；原始文件：https://raw.githubusercontent.com/crazywhalecc/idiom-database/master/data/idiom.json,MIT（以源仓库声明为准）,四字词、拼音字段、释义字段、重复项检查通过,自动二审通过，待人工终审
source-316,比权量力,bǐ quán liàng lì,比较衡量两方面的权力和力量。也用来指衡量两方面的轻重。,设我中国至此时而不一变，安能埒于欧洲诸大国，而与之～也哉！清·王韬《变法中》,汉·贾谊《过秦论上》试使山东之国与陈涉度长絜大，比权量力，则不可同年而语矣。”,crazywhalecc/idiom-database · MIT · 数据说明来自 pwxcoo/chinese-xinhua；原始文件：https://raw.githubusercontent.com/crazywhalecc/idiom-database/master/data/idiom.json,MIT（以源仓库声明为准）,四字词、拼音字段、释义字段、重复项检查通过,自动二审通过，待人工终审
source-317,比屋而封,bǐ wū ér fēng,指上古之世教化遍及四海，家家都有德行，堪受旌表◇泛称风俗淳美。,臣推此以广其义，舜弹五弦之琴，咏《南风》之诗，而天下自理，由尧人可～也。★《晋书·段灼传》,《尚书大传》卷五周人可比屋而封。”汉·陆贾《新语·无为》尧舜之民，可比屋而封；桀纣之民，可比屋而诛者，教化使然也。”,crazywhalecc/idiom-database · MIT · 数据说明来自 pwxcoo/chinese-xinhua；原始文件：https://raw.githubusercontent.com/crazywhalecc/idiom-database/master/data/idiom.json,MIT（以源仓库声明为准）,四字词、拼音字段、释义字段、重复项检查通过,自动二审通过，待人工终审
source-318,比屋可封,bǐ wū kě fēng,意思是在唐、虞时代，贤人很多，差不多每家都有可受封爵的德行◇比喻社会安定，民俗淳朴。也形容教育感化的成就。,夫古之所谓至治极盛者，曰家给人足，曰～。★清·严复《原强》,《汉书·王莽传上》明圣之世，国多贤人，故唐虞之时，可彼屋而封。”,crazywhalecc/idiom-database · MIT · 数据说明来自 pwxcoo/chinese-xinhua；原始文件：https://raw.githubusercontent.com/crazywhalecc/idiom-database/master/data/idiom.json,MIT（以源仓库声明为准）,四字词、拼音字段、释义字段、重复项检查通过,自动二审通过，待人工终审
source-319,比翼连枝,bǐ yì lián zhī,比翼鸟名。传说此鸟一目一翼，须两两齐飞。比喻夫妇亲密不离。,但愿你百岁夫妻长好，比翼共连枝，无异般。★明·谢谠《四喜记·大宋毕姻》,唐·白居易《长恨歌》诗在天愿作比翼鸟，在地愿为连理枝。”,crazywhalecc/idiom-database · MIT · 数据说明来自 pwxcoo/chinese-xinhua；原始文件：https://raw.githubusercontent.com/crazywhalecc/idiom-database/master/data/idiom.json,MIT（以源仓库声明为准）,四字词、拼音字段、释义字段、重复项检查通过,自动二审通过，待人工终审
source-320,比翼齐飞,bǐ yì qí fēi,比翼翅膀挨着翅膀。齐飞成双的并飞。比喻夫妻情投意合，在事业上并肩前进。,居里夫妇在科学征途上～。,《尔雅·释地》南方有比翼鸟焉，不比不飞，其名谓之鹣鹣。”,crazywhalecc/idiom-database · MIT · 数据说明来自 pwxcoo/chinese-xinhua；原始文件：https://raw.githubusercontent.com/crazywhalecc/idiom-database/master/data/idiom.json,MIT（以源仓库声明为准）,四字词、拼音字段、释义字段、重复项检查通过,自动二审通过，待人工终审
source-321,比翼双飞,bǐ yì shuāng fēi,比翼翅膀挨着翅膀。双飞成双的并飞。比喻夫妻情投意合，在事业上并肩前进。,不是妾身多薄幸，只因司马太风骚，效神凤，下丹霄，～上泬寥。★明·朱权《卓文君》,《尔雅·释地》南方有比翼鸟焉，不比不飞，其名谓之鹣鹣。”,crazywhalecc/idiom-database · MIT · 数据说明来自 pwxcoo/chinese-xinhua；原始文件：https://raw.githubusercontent.com/crazywhalecc/idiom-database/master/data/idiom.json,MIT（以源仓库声明为准）,四字词、拼音字段、释义字段、重复项检查通过,自动二审通过，待人工终审
source-322,彼此彼此,bǐ cǐ bǐ cǐ,常用做客套话，表示大家一样。亦指两者比较差不多。,大家彼此彼此，没有什么区别。,清·郭小亭《济公全传》第一二二回正说着话，济公进来。周员外连忙举手抱拳说‘圣僧久违。’和尚说‘彼此彼此。’”,crazywhalecc/idiom-database · MIT · 数据说明来自 pwxcoo/chinese-xinhua；原始文件：https://raw.githubusercontent.com/crazywhalecc/idiom-database/master/data/idiom.json,MIT（以源仓库声明为准）,四字词、拼音字段、释义字段、重复项检查通过,自动二审通过，待人工终审
source-323,彼竭我盈,bǐ jié wǒ yíng,彼他，对方；竭尽；盈充满。他们的勇气已丧失，我们的士气正旺盛。,文中……叙述了利于开始反功的时机——～之时。★毛泽东《中国革命战争的战略问题》,《左传·庄公十年》夫战，勇气也。一鼓作气，再而衰，三而竭。彼竭我盈，故克之。”,crazywhalecc/idiom-database · MIT · 数据说明来自 pwxcoo/chinese-xinhua；原始文件：https://raw.githubusercontent.com/crazywhalecc/idiom-database/master/data/idiom.json,MIT（以源仓库声明为准）,四字词、拼音字段、释义字段、重复项检查通过,自动二审通过，待人工终审
source-324,笔伐口诛,bǐ fá kǒu zhū,伐声讨，攻打；诛痛斥，责罚。从口头和书面上对坏人坏事进行揭露和声讨。,而吾辈不畏强御，不避斧钺，～，大声疾呼。★清·忧患余生《官场现形记序》,明·汪廷讷《三祝记·同谪》他捐廉弃耻，向权门富贵贪求，全不知口诛笔伐是诗人句，垄上璠间识者羞。,crazywhalecc/idiom-database · MIT · 数据说明来自 pwxcoo/chinese-xinhua；原始文件：https://raw.githubusercontent.com/crazywhalecc/idiom-database/master/data/idiom.json,MIT（以源仓库声明为准）,四字词、拼音字段、释义字段、重复项检查通过,自动二审通过，待人工终审
source-325,笔墨官司,bǐ mò guān sī,笔墨指文字或文章。比喻用文字进行的辩论、争执。,雍正、乾隆都自负才辩，喜欢跟臣下打～，御笔上谕动辄数百言。★《玉座珠帘》上册,清·许叶芬《红楼梦辨》借他人酒杯，浇自己块垒，非仅为懵懂辈饶舌，打无谓笔墨官司也。”,crazywhalecc/idiom-database · MIT · 数据说明来自 pwxcoo/chinese-xinhua；原始文件：https://raw.githubusercontent.com/crazywhalecc/idiom-database/master/data/idiom.json,MIT（以源仓库声明为准）,四字词、拼音字段、释义字段、重复项检查通过,自动二审通过，待人工终审
source-326,笔扫千军,bǐ sǎo qiān jūn,形容笔力雄健，如同有横扫千军万马的气势。,～空自负，学传三箧意何施。★元·李庭《吊郭器之二首》,唐·杜甫《醉歌行》诗词源倒流三峡水，笔阵横扫千人军。”,crazywhalecc/idiom-database · MIT · 数据说明来自 pwxcoo/chinese-xinhua；原始文件：https://raw.githubusercontent.com/crazywhalecc/idiom-database/master/data/idiom.json,MIT（以源仓库声明为准）,四字词、拼音字段、释义字段、重复项检查通过,自动二审通过，待人工终审
source-327,币重言甘,bì zhòng yán gān,币指礼物；厚重。礼物丰厚，言辞好听。指为了能达到某种目的而用财物诱惑。,秦使此来，不是好意，其～，殆诱我也。★明·冯梦龙《东周列国志》第二十九回,《左传·僖公十年》币重而言甘，诱我也。”,crazywhalecc/idiom-database · MIT · 数据说明来自 pwxcoo/chinese-xinhua；原始文件：https://raw.githubusercontent.com/crazywhalecc/idiom-database/master/data/idiom.json,MIT（以源仓库声明为准）,四字词、拼音字段、释义字段、重复项检查通过,自动二审通过，待人工终审
source-328,必不得已,bì bù dé yǐ,必然不能得止。指形势使得非如此不可。表示无可奈何的意思。,布之威怀，革其非心，～，则仗大顺以讨之，出师以征之。★唐·权德舆《世祖封不义侯议》,《论语·颜渊》子贡问政。子曰‘足食，足兵，民信之矣。’子贡曰‘必不得已而去，于斯三者何先？’曰‘去兵。’”,crazywhalecc/idiom-database · MIT · 数据说明来自 pwxcoo/chinese-xinhua；原始文件：https://raw.githubusercontent.com/crazywhalecc/idiom-database/master/data/idiom.json,MIT（以源仓库声明为准）,四字词、拼音字段、释义字段、重复项检查通过,自动二审通过，待人工终审
source-329,必也正名,bì yě zhèng míng,指必须按照正统伦理观念和礼仪关系来端正纲纪名分。,～，各司其局，古人所守，某敢忘之？★宋·王谠《唐语林·方正》,《论语·子路》子路曰‘卫君待子而为政，子将奚先？’子曰‘必也正名乎！’”,crazywhalecc/idiom-database · MIT · 数据说明来自 pwxcoo/chinese-xinhua；原始文件：https://raw.githubusercontent.com/crazywhalecc/idiom-database/master/data/idiom.json,MIT（以源仓库声明为准）,四字词、拼音字段、释义字段、重复项检查通过,自动二审通过，待人工终审
source-330,必由之路,bì yóu zhī lù,由经由。必定要经过的道路。泛指事物必须遵循的规律或做事必须遵守的法则。,那山离此有六十里远，正是西方～，却有八百里火焰，四周围寸草不生。★明·吴承恩《西游记》第五十九回,《孟子·告子上》仁，人心也；义，人路也。”宋·朱熹注义者行事之宜，谓人之路，则可以见其为出入往来必由之路，而不可须臾舍矣。”,crazywhalecc/idiom-database · MIT · 数据说明来自 pwxcoo/chinese-xinhua；原始文件：https://raw.githubusercontent.com/crazywhalecc/idiom-database/master/data/idiom.json,MIT（以源仓库声明为准）,四字词、拼音字段、释义字段、重复项检查通过,自动二审通过，待人工终审
source-331,毕雨箕风,bì yǔ jī fēng,原指民性如星，星好风雨，比喻庶民喜好人主的恩泽◇为颂扬统治者普施仁政之词。,使雷车电椅，扫荡四方；～，稣舒品物。★前蜀·杜光庭《晋公北帝醮词》,《书·洪范》庶民惟星，星有好风，星有好雨。”孔传箕星好风，毕星好雨，亦民所好。”,crazywhalecc/idiom-database · MIT · 数据说明来自 pwxcoo/chinese-xinhua；原始文件：https://raw.githubusercontent.com/crazywhalecc/idiom-database/master/data/idiom.json,MIT（以源仓库声明为准）,四字词、拼音字段、释义字段、重复项检查通过,自动二审通过，待人工终审
source-332,闭关却扫,bì guān què sǎo,却停止；却扫不再清扫车迹，意指谢客。关上大门，扫除车迹。指闭门谢客，不和外界往来。,时来运转，好汉也有惨遭挫败的时候，他就应该～，往日的荣华不必再提。★梁实秋《好汉》,南朝·梁·江淹《恨赋》至乃敬通见抵，罢归田里，闭关却扫，塞门不仕。”,crazywhalecc/idiom-database · MIT · 数据说明来自 pwxcoo/chinese-xinhua；原始文件：https://raw.githubusercontent.com/crazywhalecc/idiom-database/master/data/idiom.json,MIT（以源仓库声明为准）,四字词、拼音字段、释义字段、重复项检查通过,自动二审通过，待人工终审
source-333,闭关锁国,bì guān suǒ guó,闭关封闭关口；锁封锁。闭关自守，不与外国往来。,严复的译事三难信达雅”为打破～，西学东渐开了先河。★柯灵《序》,《周易·复》先王以至日闭关，商旅不行，后不省方。”,crazywhalecc/idiom-database · MIT · 数据说明来自 pwxcoo/chinese-xinhua；原始文件：https://raw.githubusercontent.com/crazywhalecc/idiom-database/master/data/idiom.json,MIT（以源仓库声明为准）,四字词、拼音字段、释义字段、重复项检查通过,自动二审通过，待人工终审
source-334,闭关自守,bì guān zì shǒu,关闭关口，不和外人来往。比喻因循保守，不愿接触外界事物。,而且厦大也太过于～，此后还应该与他大学往还。★鲁迅《两地书》五十八,《新编五代史平话·周史上》无事则民勤于耕稼，以广军储；有事则民习于弓矢，以莅武事。此真霸王之资也。闭关自守，又何忧乎？”,crazywhalecc/idiom-database · MIT · 数据说明来自 pwxcoo/chinese-xinhua；原始文件：https://raw.githubusercontent.com/crazywhalecc/idiom-database/master/data/idiom.json,MIT（以源仓库声明为准）,四字词、拼音字段、释义字段、重复项检查通过,自动二审通过，待人工终审
source-335,闭口捕舌,bì kǒu bǔ shé,犹言畒中捉鳖。比喻敌方已被控制，无法逃脱。,～岂容遁，排山压卵孰与争。★清·钱谦益《送马巽傅归会稽》诗,《晋书·张玄靓传》旋谓基曰‘綿击其东，我等绝其西，不六旬，天下可定，斯闭口捕舌也。’”,crazywhalecc/idiom-database · MIT · 数据说明来自 pwxcoo/chinese-xinhua；原始文件：https://raw.githubusercontent.com/crazywhalecc/idiom-database/master/data/idiom.json,MIT（以源仓库声明为准）,四字词、拼音字段、释义字段、重复项检查通过,自动二审通过，待人工终审
source-336,闭口无言,bì kǒu wú yán,闭住嘴巴不言语。形容对事不置可否或事情弄僵，自己觉得理亏而无话可讲时的情态。参见闭口不言”。,刘家父女只剩了彼此瞪着，已无话可讲；祥子是～。★老舍《骆驼祥子》十五,明·施耐庵《水浒传》第六十四回关胜连忙答礼，闭口无言，手脚无措。”清·吴趼人《二十年目睹之怪现状》第一百五回一席话说得朱博如闭口无言，只得别去。”,crazywhalecc/idiom-database · MIT · 数据说明来自 pwxcoo/chinese-xinhua；原始文件：https://raw.githubusercontent.com/crazywhalecc/idiom-database/master/data/idiom.json,MIT（以源仓库声明为准）,四字词、拼音字段、释义字段、重复项检查通过,自动二审通过，待人工终审
source-337,闭门造车,bì mén zào chē,关起门来造车子。比喻脱离实际，只凭主观办事。,自以为～，出而合辙，而门外之辙与其所造之车，果相合否。★严复《救亡决论》,宋·朱熹《中庸或问》卷三古语所谓闭门造车，出门合辙，盖言其法之同。”,crazywhalecc/idiom-database · MIT · 数据说明来自 pwxcoo/chinese-xinhua；原始文件：https://raw.githubusercontent.com/crazywhalecc/idiom-database/master/data/idiom.json,MIT（以源仓库声明为准）,四字词、拼音字段、释义字段、重复项检查通过,自动二审通过，待人工终审
source-338,闭门自守,bì mén zì shǒu,①闭门不出，洁身自保。②坚壁不出，严加防守。,朕若～，虏必纵兵大掠。★唐·吴兢《贞观政要·征伐》,《汉书·王莽传下》力作所得，不足以给贡税。闭门自守，又坐邻伍铸钱挟铜，奸吏因以愁民。”,crazywhalecc/idiom-database · MIT · 数据说明来自 pwxcoo/chinese-xinhua；原始文件：https://raw.githubusercontent.com/crazywhalecc/idiom-database/master/data/idiom.json,MIT（以源仓库声明为准）,四字词、拼音字段、释义字段、重复项检查通过,自动二审通过，待人工终审
source-339,闭目塞耳,bì mù sè ěr,堵塞视听。指对外界事物不闻不问或不了解。,设有人～，跣而疾趋，前遇险阻，安有不颠踬者哉！★宋·司马光《遗表》,《隋书·东夷传·高丽》王乃坐之空馆，严加防守，使其闭目塞耳，永无闻见。”,crazywhalecc/idiom-database · MIT · 数据说明来自 pwxcoo/chinese-xinhua；原始文件：https://raw.githubusercontent.com/crazywhalecc/idiom-database/master/data/idiom.json,MIT（以源仓库声明为准）,四字词、拼音字段、释义字段、重复项检查通过,自动二审通过，待人工终审
source-340,闭目塞听,bì mù sè tīng,闭上眼睛不看，堵住耳朵不听。形容对外界事物不闻不问。,一个～、同客观外界根本绝缘的人，是无所谓认识的。★毛泽东《实践论》,汉·王充《论衡·自纪》闭目塞聪，爱精自保。”,crazywhalecc/idiom-database · MIT · 数据说明来自 pwxcoo/chinese-xinhua；原始文件：https://raw.githubusercontent.com/crazywhalecc/idiom-database/master/data/idiom.json,MIT（以源仓库声明为准）,四字词、拼音字段、释义字段、重复项检查通过,自动二审通过，待人工终审
source-341,闭月羞花,bì yuè xiū huā,闭藏。使月亮躲藏，使花儿羞惭。形容女子容貌美丽。,此时鲁小姐卸了浓装，换了几件雅淡衣服，蘧公子举眼细看，真有沉鱼落雁之容，～之貌。★清·吴敬梓《儒林外史》第十回,元·王子一《误入桃源》第四折引动这撩云拨雨心，想起那闭月羞花貌，撇的似绕朱门燕子寻巢。”,crazywhalecc/idiom-database · MIT · 数据说明来自 pwxcoo/chinese-xinhua；原始文件：https://raw.githubusercontent.com/crazywhalecc/idiom-database/master/data/idiom.json,MIT（以源仓库声明为准）,四字词、拼音字段、释义字段、重复项检查通过,自动二审通过，待人工终审
source-342,毙而后已,bì ér hòu yǐ,指努力工作或为某一目的奋斗终生，至死才罢休。,公尔忘私，～，是岂寻常所可及哉！★明·田汝成《阿寄传》,西汉·戴圣《礼记·表记》乡道而行，中道而废，忘身之老也，不知年数之不足也，俯焉日有孳孳，毙而后已。”,crazywhalecc/idiom-database · MIT · 数据说明来自 pwxcoo/chinese-xinhua；原始文件：https://raw.githubusercontent.com/crazywhalecc/idiom-database/master/data/idiom.json,MIT（以源仓库声明为准）,四字词、拼音字段、释义字段、重复项检查通过,自动二审通过，待人工终审
source-343,婢膝奴颜,bì xī nú yán,形容卑躬屈膝谄媚奉承的奴才相。参见奴颜婢膝”。,弟如畏死，则何难媕阿阥冗，～，以求自身之安乐于名场官海之间。★梁启超《复金山中华会馆书》,清·钮琹《觚剩续编·简公雪冤》他日侥幸立朝，则婢膝奴颜，汝必安为之矣。”,crazywhalecc/idiom-database · MIT · 数据说明来自 pwxcoo/chinese-xinhua；原始文件：https://raw.githubusercontent.com/crazywhalecc/idiom-database/master/data/idiom.json,MIT（以源仓库声明为准）,四字词、拼音字段、释义字段、重复项检查通过,自动二审通过，待人工终审
source-344,婢作夫人,bì zuò fū rén,婢侍女；夫人主妇。旧时指在文艺方面虽刻意模仿别人，但才力和作品的规模总赶不上。,不过偶尔学着写，正是～，那里及得到大哥什一。★清·吴趼人《二十年目睹之怪现状》第四十一回,唐·张彦远《法书要录》引南朝梁袁昂《古今书评》羊欣书如大家婢为夫人。虽处其位，而举止羞涩，终不似真。”,crazywhalecc/idiom-database · MIT · 数据说明来自 pwxcoo/chinese-xinhua；原始文件：https://raw.githubusercontent.com/crazywhalecc/idiom-database/master/data/idiom.json,MIT（以源仓库声明为准）,四字词、拼音字段、释义字段、重复项检查通过,自动二审通过，待人工终审
source-345,敝帚千金,bì zhǒu qiān jīn,一把破扫帚，当千金那样贵重。比喻东西虽不好，但自己十分珍惜。,因循守旧，～的态度是要不得的。,汉·刘珍《东观汉记·光武帝纪》帝闻之，下诏让吴汉副将刘禹曰‘城降，婴儿老母，口以万数，一旦放兵纵火，闻之可谓酸鼻。家有敝帚，享之千金。禹宗室子孙，故尝更职，何忍行此！’”,crazywhalecc/idiom-database · MIT · 数据说明来自 pwxcoo/chinese-xinhua；原始文件：https://raw.githubusercontent.com/crazywhalecc/idiom-database/master/data/idiom.json,MIT（以源仓库声明为准）,四字词、拼音字段、释义字段、重复项检查通过,自动二审通过，待人工终审
source-346,敝帚自珍,bì zhǒu zì zhēn,敝破的，坏的；珍爱惜。把自己家里的破扫帚当成宝贝。比喻东西虽然不好，自己却很珍惜。,但写出以后，却不很爱惜羽毛，有所谓～”的意思。★鲁迅《华盖集·并非闲话〈三〉》,汉·刘珍《东观汉纪·光武帝纪》一量放兵纵火，闻之可以酸鼻。家有敝帚，享之千金。”宋·陆游《秋思》遗簪见取终安用，敝帚虽微亦自珍。”,crazywhalecc/idiom-database · MIT · 数据说明来自 pwxcoo/chinese-xinhua；原始文件：https://raw.githubusercontent.com/crazywhalecc/idiom-database/master/data/idiom.json,MIT（以源仓库声明为准）,四字词、拼音字段、释义字段、重复项检查通过,自动二审通过，待人工终审
source-347,筚路蓝缕,bì lù lán lǚ,筚路柴车；蓝缕破衣服。驾着简陋的车，穿着破烂的衣服去开辟山林。形容创业的艰苦。,～，孙公既开其先；发扬光大，我公宜善其后。★蔡东藩、许廑父第九回《民国通俗演义》,《左传·宣公十二年》筚路蓝缕，以启山林。”,crazywhalecc/idiom-database · MIT · 数据说明来自 pwxcoo/chinese-xinhua；原始文件：https://raw.githubusercontent.com/crazywhalecc/idiom-database/master/data/idiom.json,MIT（以源仓库声明为准）,四字词、拼音字段、释义字段、重复项检查通过,自动二审通过，待人工终审
source-348,筚门闺窦,bì mén guī dòu,筚门柴门；圭窦上尖下方的圭形门洞。形容穷苦人家的住处。,我不禁暗暗称奇，不料这～中，竟有这等明理女子。★清·吴趼人《二十年目睹之怪现状》第三十四回,《左传·襄公十年》筚门闺窦之人而皆陵其上，其难为上矣。”,crazywhalecc/idiom-database · MIT · 数据说明来自 pwxcoo/chinese-xinhua；原始文件：https://raw.githubusercontent.com/crazywhalecc/idiom-database/master/data/idiom.json,MIT（以源仓库声明为准）,四字词、拼音字段、释义字段、重复项检查通过,自动二审通过，待人工终审
source-349,弊绝风清,bì jué fēng qīng,弊坏事；清洁净。贪污、舞弊的事情没有了。形容坏事绝迹，社会风气良好。,从前的赌痞”，现在自己在那里禁赌了，农会势盛的地方和牌一样～。★毛泽东《湖南农民运动考察报告》,宋·周敦颐《拙赋》上安下顺，弊绝风清。”,crazywhalecc/idiom-database · MIT · 数据说明来自 pwxcoo/chinese-xinhua；原始文件：https://raw.githubusercontent.com/crazywhalecc/idiom-database/master/data/idiom.json,MIT（以源仓库声明为准）,四字词、拼音字段、释义字段、重复项检查通过,自动二审通过，待人工终审
source-350,弊帚千金,bì zhǒu qiān jīn,对自家的破旧扫帚，也看成价值千金。比喻对己物的珍视。弊，一本作敝”。,里语曰‘家有弊帚，享之千金。’斯不自见之患也。★三国·魏·曹丕《典论·论文》,语出《东观汉记·光武帝纪》帝闻之，下诏让吴汉副将刘禹曰‘城降，婴儿老母，口以万数，一旦放兵纵火，闻之可谓酸鼻。家有敝帚，享之千金。禹宗室子孙，故尝更职，何忍行此！”,crazywhalecc/idiom-database · MIT · 数据说明来自 pwxcoo/chinese-xinhua；原始文件：https://raw.githubusercontent.com/crazywhalecc/idiom-database/master/data/idiom.json,MIT（以源仓库声明为准）,四字词、拼音字段、释义字段、重复项检查通过,自动二审通过，待人工终审
source-351,弊帚自珍,bì zhǒu zì zhén,对自家的破旧扫帚，也看作很珍贵。比喻对己物的珍视。,这是我发表的第一篇作品，虽然幼稚，但～，一直藏着。,宋·陆游《秋思》诗遗簪见取终安用，弊帚虽微亦自珍。”,crazywhalecc/idiom-database · MIT · 数据说明来自 pwxcoo/chinese-xinhua；原始文件：https://raw.githubusercontent.com/crazywhalecc/idiom-database/master/data/idiom.json,MIT（以源仓库声明为准）,四字词、拼音字段、释义字段、重复项检查通过,自动二审通过，待人工终审
source-352,碧空如洗,bì kōng rú xǐ,碧空浅蓝色的天空。蓝色的天空明净得像洗过一样。形容天气晴朗。,其时～，有一群大雁鹅正排成人字从高空中飞过。★沈从文《长河·秋（动中有静）》,宋·张元干《水调歌头》词万里碧空如洗，寒浸十分明月，帘卷玉波流。”,crazywhalecc/idiom-database · MIT · 数据说明来自 pwxcoo/chinese-xinhua；原始文件：https://raw.githubusercontent.com/crazywhalecc/idiom-database/master/data/idiom.json,MIT（以源仓库声明为准）,四字词、拼音字段、释义字段、重复项检查通过,自动二审通过，待人工终审
source-353,碧落黄泉,bì luò huáng quán,碧落天上、天界。黄泉地下。天上和地下。泛指宇宙的各个角落。,荷君王不弃，念切思专，～为奴寻遍。★清·洪昻《长生殿·重圆》,唐·白居易《长恨歌》上穷碧落下黄泉，两处茫茫皆不见。”,crazywhalecc/idiom-database · MIT · 数据说明来自 pwxcoo/chinese-xinhua；原始文件：https://raw.githubusercontent.com/crazywhalecc/idiom-database/master/data/idiom.json,MIT（以源仓库声明为准）,四字词、拼音字段、释义字段、重复项检查通过,自动二审通过，待人工终审
source-354,蔽日遮天,bì rì zhē tiān,遮住了天空和太阳。形容遮盖的范围非常宽广。,诡难穷，奸莫测，～，一霎分南北。★清·天花藏主人《玉支矶》,北魏·郦道元《水经注·江水》自三峡七百里中，两崖连山，略无阙处，重岩叠嶂，隐天蔽日，自非停午夜分，不见曦月。”,crazywhalecc/idiom-database · MIT · 数据说明来自 pwxcoo/chinese-xinhua；原始文件：https://raw.githubusercontent.com/crazywhalecc/idiom-database/master/data/idiom.json,MIT（以源仓库声明为准）,四字词、拼音字段、释义字段、重复项检查通过,自动二审通过，待人工终审
source-355,避难就易,bì nán jiù yì,就凑近，靠近。躲开难的，去找容易的做。也指做事情先从容易的做起。,有些地方你的确说出了我的弱点，比如你说我～地在手法上取巧。★巴金《生之忏悔·我的自剖》,《元史·文宗本纪》四大都总管刘原仁称疾，久不视事，及迁同知储政院事，即就职，侥幸巧宦避难就易。”,crazywhalecc/idiom-database · MIT · 数据说明来自 pwxcoo/chinese-xinhua；原始文件：https://raw.githubusercontent.com/crazywhalecc/idiom-database/master/data/idiom.json,MIT（以源仓库声明为准）,四字词、拼音字段、释义字段、重复项检查通过,自动二审通过，待人工终审
source-356,避强打弱,bì qiáng dǎ ruò,军事用语。在运动战中避开敌人的精锐部队而专拣疲弱的打。,运动战的实行方面，问题是很多的，例如……～，围城打援、佯攻、防空、处在几个敌人之间、超越敌人作战……等等。★毛泽东《中国革命战争的战略问题》,见避强击惰”。,crazywhalecc/idiom-database · MIT · 数据说明来自 pwxcoo/chinese-xinhua；原始文件：https://raw.githubusercontent.com/crazywhalecc/idiom-database/master/data/idiom.json,MIT（以源仓库声明为准）,四字词、拼音字段、释义字段、重复项检查通过,自动二审通过，待人工终审
source-357,避强击弱,bì qiáng jī ruò,军事用语。在运动战中避开敌人的精锐部队而专拣疲弱的打。,凡攻取之道，必先其易者……奔走之间，可以知其虚实强弱，然后避实击虚，～。★《资治通鉴·后周世宗显德二年》,见避强击惰”。,crazywhalecc/idiom-database · MIT · 数据说明来自 pwxcoo/chinese-xinhua；原始文件：https://raw.githubusercontent.com/crazywhalecc/idiom-database/master/data/idiom.json,MIT（以源仓库声明为准）,四字词、拼音字段、释义字段、重复项检查通过,自动二审通过，待人工终审
source-358,避实就虚,bì shí jiù xū,指避开敌人的主力，找敌人的弱点进攻。又指谈问题回避要害。,但执笔之际，～，顾彼忌此，实在气闷。★鲁迅《致台静农》,《孙子·虚实》兵之形，避实而击虚。”,crazywhalecc/idiom-database · MIT · 数据说明来自 pwxcoo/chinese-xinhua；原始文件：https://raw.githubusercontent.com/crazywhalecc/idiom-database/master/data/idiom.json,MIT（以源仓库声明为准）,四字词、拼音字段、释义字段、重复项检查通过,自动二审通过，待人工终审
source-359,避重就轻,bì zhòng jiù qīng,指回避重的责任，只拣轻的来承担。也指回避要点，只谈无关紧要的事情。,恐将来弄出大祸，所以借了一件失察的事情参的，倒是～的意思，也未可知。★清·曹雪芹《红楼梦》第一百二回,唐·李林甫《唐六典·工部尚书》技能功巧者，不得隐巧补拙，避重就轻。”宋·刘挚《侍御史黄君墓志铭》民始不以多男为患，父子始不以避重就轻相去。”,crazywhalecc/idiom-database · MIT · 数据说明来自 pwxcoo/chinese-xinhua；原始文件：https://raw.githubusercontent.com/crazywhalecc/idiom-database/master/data/idiom.json,MIT（以源仓库声明为准）,四字词、拼音字段、释义字段、重复项检查通过,自动二审通过，待人工终审
source-360,髀肉复生,bì ròu fù shēng,髀大腿。因为长久不骑马，大腿上的肉又长起来了。形容长久过着安逸舒适的生活，无所作为。,因见己身～，亦不觉潸然泪下。★明·罗贯中《三国演义》第三十回,《三国志·蜀书·先主传》裴松之注引晋·司马彪《九州春秋》备曰‘吾常身不离鞍，髀肉皆消；今不复骑，髀里肉生。’”,crazywhalecc/idiom-database · MIT · 数据说明来自 pwxcoo/chinese-xinhua；原始文件：https://raw.githubusercontent.com/crazywhalecc/idiom-database/master/data/idiom.json,MIT（以源仓库声明为准）,四字词、拼音字段、释义字段、重复项检查通过,自动二审通过，待人工终审
source-361,璧合珠连,bì hé zhū lián,①指日月如合璧，五星如连珠。古人认为是一种显示祥瑞的天象。②比喻众美毕集，相得益彰。,～琰琬垂，蠡应难测管难窥。★清·查慎行《南书房敬观宸翰恭纪》诗之五,唐·杨炯《公卿以下冕服义》然则皇王受命，天地兴符，仰观则璧合珠连，俯察则银黄玉紫。”,crazywhalecc/idiom-database · MIT · 数据说明来自 pwxcoo/chinese-xinhua；原始文件：https://raw.githubusercontent.com/crazywhalecc/idiom-database/master/data/idiom.json,MIT（以源仓库声明为准）,四字词、拼音字段、释义字段、重复项检查通过,自动二审通过，待人工终审
source-362,鞭不及腹,biān bù jí fù,及到。原意是鞭子虽长，也不能打马肚子。比喻相隔太远，力量达不到。,则脉络相连，可以应援，邈在鄂渚，岂无～之虑。★《宋史·李宗勉传》,《左传·宣公十五年》虽鞭之长，不及马腹。”,crazywhalecc/idiom-database · MIT · 数据说明来自 pwxcoo/chinese-xinhua；原始文件：https://raw.githubusercontent.com/crazywhalecc/idiom-database/master/data/idiom.json,MIT（以源仓库声明为准）,四字词、拼音字段、释义字段、重复项检查通过,自动二审通过，待人工终审
source-363,鞭辟近里,biān bì jìn lǐ,鞭辟鞭策，激励；里最里层。古代洛阳方言。意指深入剖析，使靠近最里层。形容探求透彻，深入精微。宋儒常用语。,～一言，实吾人顶门针、对症药。★清·李飆《答顾宁人书》,《二程全书·遗书十一》学只要鞭辟近里，著己而已。”,crazywhalecc/idiom-database · MIT · 数据说明来自 pwxcoo/chinese-xinhua；原始文件：https://raw.githubusercontent.com/crazywhalecc/idiom-database/master/data/idiom.json,MIT（以源仓库声明为准）,四字词、拼音字段、释义字段、重复项检查通过,自动二审通过，待人工终审
source-364,鞭辟入里,biān pì rù lǐ,鞭辟鞭策，激励；里最里层。形容作学问切实。也形容分析透彻，切中要害。,他们的思力不足，不足剖析入微，～。★朱自清《山野掇拾》,盛宣怀《上张香帅书》侄忝承付托，责无旁贷，必当鞭辟入里，成一完全商办大厂，为天下创。”,crazywhalecc/idiom-database · MIT · 数据说明来自 pwxcoo/chinese-xinhua；原始文件：https://raw.githubusercontent.com/crazywhalecc/idiom-database/master/data/idiom.json,MIT（以源仓库声明为准）,四字词、拼音字段、释义字段、重复项检查通过,自动二审通过，待人工终审
source-365,鞭长莫及,biān cháng mò jí,及到。原意是鞭子虽长，也不能打马肚子。比喻相隔太远，力量达不到。,除掉腹地里几省外国人～，其余的虽然没有摆在面子上瓜分，暗地里都各有了主子了。★清·李宝嘉《官场现形记》第五十四回,《左传·宣公十五年》虽鞭之长，不及马腹。”,crazywhalecc/idiom-database · MIT · 数据说明来自 pwxcoo/chinese-xinhua；原始文件：https://raw.githubusercontent.com/crazywhalecc/idiom-database/master/data/idiom.json,MIT（以源仓库声明为准）,四字词、拼音字段、释义字段、重复项检查通过,自动二审通过，待人工终审
source-366,变本加厉,biàn běn jiā lì,厉猛烈。指比原来更加发展。现指情况变得比本来更加严重。,断句取义是在一句两句里拉出一个两个字来发挥，比起断章取义，真是～了。★朱自清《经典常谈·诗经第四》,南朝·梁·萧统《文选·序》盖踵其事而增华，变其本而加厉，物既有之，文亦宜然。”,crazywhalecc/idiom-database · MIT · 数据说明来自 pwxcoo/chinese-xinhua；原始文件：https://raw.githubusercontent.com/crazywhalecc/idiom-database/master/data/idiom.json,MIT（以源仓库声明为准）,四字词、拼音字段、释义字段、重复项检查通过,自动二审通过，待人工终审
source-367,变化无常,biàn huà wú cháng,无常没有常态。指事物经常变化，没有规律性。,近来天气～，一会儿晴空万里，一会儿又大雨倾盆。,《庄子·天下》忽漠无形，变化无常。”,crazywhalecc/idiom-database · MIT · 数据说明来自 pwxcoo/chinese-xinhua；原始文件：https://raw.githubusercontent.com/crazywhalecc/idiom-database/master/data/idiom.json,MIT（以源仓库声明为准）,四字词、拼音字段、释义字段、重复项检查通过,自动二审通过，待人工终审
source-368,变生不测,biàn shēng bù cè,变有重大影响的突然变化；不测意外。变故发生于突然之间。,江西省议会及总商会，恐～屡电到鄂，请黎莅任。★蔡东藩、许廑父《民国通俗演义》第二十六回,清·曹雪芹《红楼梦》第四十四回变生不测凤姐泼醋，喜出望外平儿理妆。”,crazywhalecc/idiom-database · MIT · 数据说明来自 pwxcoo/chinese-xinhua；原始文件：https://raw.githubusercontent.com/crazywhalecc/idiom-database/master/data/idiom.json,MIT（以源仓库声明为准）,四字词、拼音字段、释义字段、重复项检查通过,自动二审通过，待人工终审
source-369,便宜从事,bián yú cóng shì,指可斟酌情势，不拘规制条文，不须请示，自行处理。,汝既为水军都督，可以～，何必禀我？★《三国演义》第四五回,《汉书·循吏传·龚遂》臣愿丞相御史且无拘臣以文法，得一切便宜从事。”,crazywhalecc/idiom-database · MIT · 数据说明来自 pwxcoo/chinese-xinhua；原始文件：https://raw.githubusercontent.com/crazywhalecc/idiom-database/master/data/idiom.json,MIT（以源仓库声明为准）,四字词、拼音字段、释义字段、重复项检查通过,自动二审通过，待人工终审
source-370,便宜施行,bián yú shī xíng,指可斟酌情势，不拘规制条文，不须请示，自行处理。同便宜从事”。,一应军行调度，并听～。★宋·周密《齐东野语·赵信国辞相》,《史记·萧相国世家》[萧何]为法令约束，立宗庙社稷宫室县邑，辄奏上，可，许以从事；即不及奏上，辄以便宜施行，上来以闻。”,crazywhalecc/idiom-database · MIT · 数据说明来自 pwxcoo/chinese-xinhua；原始文件：https://raw.githubusercontent.com/crazywhalecc/idiom-database/master/data/idiom.json,MIT（以源仓库声明为准）,四字词、拼音字段、释义字段、重复项检查通过,自动二审通过，待人工终审
source-371,便宜行事,biàn yì xíng shì,便宜方便，适宜。指可以根据实际情况斟酌处理，不必请示。,既然大权交代于你，你就得～。★清·李宝嘉《官场现形记》第十二回,《史记·萧相国世家》即不及奏上，辄以便宜施行，上来以闻。”,crazywhalecc/idiom-database · MIT · 数据说明来自 pwxcoo/chinese-xinhua；原始文件：https://raw.githubusercontent.com/crazywhalecc/idiom-database/master/data/idiom.json,MIT（以源仓库声明为准）,四字词、拼音字段、释义字段、重复项检查通过,自动二审通过，待人工终审
source-372,辨物居方,biàn wù jū fāng,辨别众物的性质、条件等因素，使之各得其所。,夫明哲之士者，威而不慑，困而能通，决嫌定疑，～。★汉徐斡《中论·智行》,《易·未济》君子以慎辨物居方。”孔颖达疏辨别众物，各居其方，使皆得安其所。”,crazywhalecc/idiom-database · MIT · 数据说明来自 pwxcoo/chinese-xinhua；原始文件：https://raw.githubusercontent.com/crazywhalecc/idiom-database/master/data/idiom.json,MIT（以源仓库声明为准）,四字词、拼音字段、释义字段、重复项检查通过,自动二审通过，待人工终审
source-373,辩才无碍,biàn cái wú ài,碍滞碍。本是佛教用语，指菩萨为人说法，义理通达，言辞流利，后泛指口才好，能辩论。,这可见韵高的～，说得顽石点头了。★清·曾朴《孽海花》第十三回,《华严经》若能知法永不灭，则得辩才无障碍；若能辩才无障碍，则能开演无边法。”,crazywhalecc/idiom-database · MIT · 数据说明来自 pwxcoo/chinese-xinhua；原始文件：https://raw.githubusercontent.com/crazywhalecc/idiom-database/master/data/idiom.json,MIT（以源仓库声明为准）,四字词、拼音字段、释义字段、重复项检查通过,自动二审通过，待人工终审
source-374,标新立异,biāo xīn lì yì,标提出，写明；异不同的，特别的。提出新奇的主张，表示与众不同。,其中典礼集会之词，～固不可，机械陈腐亦不可。★朱自清《钟明〈呕心苦唇录〉序》,南朝·宋·刘义庆《世说新语·文学》支道林在白马寺中，将冯太常共语，因及《逍遥》，支卓然标新理于二家之表，立异于众贤之外。”,crazywhalecc/idiom-database · MIT · 数据说明来自 pwxcoo/chinese-xinhua；原始文件：https://raw.githubusercontent.com/crazywhalecc/idiom-database/master/data/idiom.json,MIT（以源仓库声明为准）,四字词、拼音字段、释义字段、重复项检查通过,自动二审通过，待人工终审
source-375,标新领异,biāo xīn lǐng yì,标提出，写明；异不同的，特别的。提出新奇的主张，表示与众不同。,文定因之以痛哭流涕之怀，发～之论，其去游夏之传，益以远矣。★清·顾炎武《答俞右吉书》,南朝·宋·刘义庆《世说新语·文学》支道林在白马寺中，将冯太常共语，因及《逍遥》，支卓然标新理于二家之表，立异于众贤之外。”,crazywhalecc/idiom-database · MIT · 数据说明来自 pwxcoo/chinese-xinhua；原始文件：https://raw.githubusercontent.com/crazywhalecc/idiom-database/master/data/idiom.json,MIT（以源仓库声明为准）,四字词、拼音字段、释义字段、重复项检查通过,自动二审通过，待人工终审
source-376,标枝野鹿,biāo zhī yě lù,标枝，树梢之枝，比喻上古之世在上之君恬淡无为；野鹿，比喻在下之民放而自得◇指太古时代。,况欲以过门不入、日昃不食之世，反诸～，其不为西晋者几希？★清·魏源《默觚下·治篇二》,《庄子·天地》至治之世，不尚贤，不使能，上如标枝，民如野鹿。”,crazywhalecc/idiom-database · MIT · 数据说明来自 pwxcoo/chinese-xinhua；原始文件：https://raw.githubusercontent.com/crazywhalecc/idiom-database/master/data/idiom.json,MIT（以源仓库声明为准）,四字词、拼音字段、释义字段、重复项检查通过,自动二审通过，待人工终审
source-377,表里如一,biǎo lǐ rú yī,表外表；里内心。表面和内心象一个东西。形容言行和思想完全一致。,我言行一致，～。★郭沫若《屈原》第四幕,南朝·梁·刘勰《文心雕龙·附会》首尾周密，表里一体。”《朱子全书·论语》行之以忠者，是事事要着实，故某集注云‘以忠，则表里如一。’”,crazywhalecc/idiom-database · MIT · 数据说明来自 pwxcoo/chinese-xinhua；原始文件：https://raw.githubusercontent.com/crazywhalecc/idiom-database/master/data/idiom.json,MIT（以源仓库声明为准）,四字词、拼音字段、释义字段、重复项检查通过,自动二审通过，待人工终审
source-378,别出机杼,bié chū jī zhù,别另外；机杼织布机，比喻诗文的构思和布局。指写作另辟途径，能够创新。,词人务以相胜，似不若别出机杼。★宋·楼钥《跋李伯和所藏书画薄薄酒二篇》,《魏书·祖莹传》文章须自出机杼，成一家风骨。”,crazywhalecc/idiom-database · MIT · 数据说明来自 pwxcoo/chinese-xinhua；原始文件：https://raw.githubusercontent.com/crazywhalecc/idiom-database/master/data/idiom.json,MIT（以源仓库声明为准）,四字词、拼音字段、释义字段、重复项检查通过,自动二审通过，待人工终审
source-379,别出心裁,bié chū xīn cái,别另外；心裁心中的设计、筹划。另有一种构思或设计。指想出的办法与众不同。,只好～，鼓吹女人自杀。★鲁迅《坟·我之节烈观》,明·李贽《水浒全书发凡》今别出心裁，不依旧样，或特标于目外，或叠采于回中。”,crazywhalecc/idiom-database · MIT · 数据说明来自 pwxcoo/chinese-xinhua；原始文件：https://raw.githubusercontent.com/crazywhalecc/idiom-database/master/data/idiom.json,MIT（以源仓库声明为准）,四字词、拼音字段、释义字段、重复项检查通过,自动二审通过，待人工终审
source-380,别具肺肠,bié jù fèi cháng,比喻人动机不良，故意提出一些与众不同的的奇特的主张。,那老太太却～，非但不惊不吓，还要赶到房里，把席面扫个一空，骂了个无了无休。★清·吴趼人《二十年目睹之怪现状》第七十七回,《诗经·大雅·桑柔》自有肺肠，俾民卒狂。”,crazywhalecc/idiom-database · MIT · 数据说明来自 pwxcoo/chinese-xinhua；原始文件：https://raw.githubusercontent.com/crazywhalecc/idiom-database/master/data/idiom.json,MIT（以源仓库声明为准）,四字词、拼音字段、释义字段、重复项检查通过,自动二审通过，待人工终审
source-381,别具慧眼,bié jù huì yǎn,慧聪明，有才智。具有独到眼光，高明的见解。,他～，一眼就看出她的企图。,宋·叶寘《爱日斋丛钞》（杨万里）又有《送彭元忠》诗‘近来别具一只眼，要踏唐人最上关。’”,crazywhalecc/idiom-database · MIT · 数据说明来自 pwxcoo/chinese-xinhua；原始文件：https://raw.githubusercontent.com/crazywhalecc/idiom-database/master/data/idiom.json,MIT（以源仓库声明为准）,四字词、拼音字段、释义字段、重复项检查通过,自动二审通过，待人工终审
source-382,别具匠心,bié jù jiàng xīn,匠心巧妙的心思。指在技巧和艺术方面具有与众不同的巧妙构思。,《蕃锦集》运用成语，～。★清·陈廷焯《白雨斋词话》,唐·王士源《孟浩然集序》文不按古，匠心独妙。”,crazywhalecc/idiom-database · MIT · 数据说明来自 pwxcoo/chinese-xinhua；原始文件：https://raw.githubusercontent.com/crazywhalecc/idiom-database/master/data/idiom.json,MIT（以源仓库声明为准）,四字词、拼音字段、释义字段、重复项检查通过,自动二审通过，待人工终审
source-383,别具只眼,bié jù zhī yǎn,具有独到的眼光和见解。比喻有独到的见解。,然而陈克明教授之所以能～，最主要的原因还在黄梦英有一位表亲”乔张。★茅盾《清明前后》,宋·杨万里《送彭元忠县丞北归》诗近来别具一只眼，要踏唐人最上关。”,crazywhalecc/idiom-database · MIT · 数据说明来自 pwxcoo/chinese-xinhua；原始文件：https://raw.githubusercontent.com/crazywhalecc/idiom-database/master/data/idiom.json,MIT（以源仓库声明为准）,四字词、拼音字段、释义字段、重复项检查通过,自动二审通过，待人工终审
source-384,别开生面,bié kāi shēng miàn,生面新的面目。原意是凌烟阁里的功臣画像本已褪色，经曹将军重画之后才显得有生气。比喻另外创出一种新的形式或局面。,今日林妹妹这五首诗，亦可谓命意新奇，～了。★清·曹雪芹《红楼梦》第六十四回,唐·杜甫《丹青诗》凌烟功臣少颜色，将军下笔开生面。”,crazywhalecc/idiom-database · MIT · 数据说明来自 pwxcoo/chinese-xinhua；原始文件：https://raw.githubusercontent.com/crazywhalecc/idiom-database/master/data/idiom.json,MIT（以源仓库声明为准）,四字词、拼音字段、释义字段、重复项检查通过,自动二审通过，待人工终审
source-385,别来无恙,bié lái wú yàng,恙病。分别以来一直都很好吗？常用作别后通信或重逢时的问候语。,（蒋）干曰公瑾～？”。★明·罗贯中《三国演义》第四十五回,金·董解元《西厢记》卷四莺莺坐夫人之侧，生问曰‘别来无恙否？’莺莺不言而心会。”,crazywhalecc/idiom-database · MIT · 数据说明来自 pwxcoo/chinese-xinhua；原始文件：https://raw.githubusercontent.com/crazywhalecc/idiom-database/master/data/idiom.json,MIT（以源仓库声明为准）,四字词、拼音字段、释义字段、重复项检查通过,自动二审通过，待人工终审
source-386,别无长物,bié wú cháng wù,长物多余的东西。除一身之外再没有多余的东西。原指生活俭朴。现形容贫穷。,他们除双手外，～，其经济地位和产业工人相似。★毛泽东《中国社会各阶级的分析》,南朝·宋·刘义庆《世说新语·德行》丈人不悉恭，恭作人无长物。”,crazywhalecc/idiom-database · MIT · 数据说明来自 pwxcoo/chinese-xinhua；原始文件：https://raw.githubusercontent.com/crazywhalecc/idiom-database/master/data/idiom.json,MIT（以源仓库声明为准）,四字词、拼音字段、释义字段、重复项检查通过,自动二审通过，待人工终审
source-387,别有洞天,bié yǒu dòng tiān,洞中另有一个天地。形容风景奇特，引人入胜。,各处尽是画栋雕梁，珠帘绮户，那派艳丽光景，竟是～。★清·李汝珍《镜花缘》第九十八回,唐·李白《山中问答》诗桃花流水窅然去，别有天地非人间。”,crazywhalecc/idiom-database · MIT · 数据说明来自 pwxcoo/chinese-xinhua；原始文件：https://raw.githubusercontent.com/crazywhalecc/idiom-database/master/data/idiom.json,MIT（以源仓库声明为准）,四字词、拼音字段、释义字段、重复项检查通过,自动二审通过，待人工终审
source-388,别有肺肠,bié yǒu fèi cháng,别有另有；肺肠指思想。比喻人动机不良，故意提出一些与众不同的的奇特的主张。,那老太太却～，非但不惊不吓，还要赶到房里，把席面扫个一空，骂了个无了无休。★清·吴趼人《二十年目睹之怪现状》第七十七回,《诗经·大雅·桑柔》自有肺肠，俾民卒狂。”,crazywhalecc/idiom-database · MIT · 数据说明来自 pwxcoo/chinese-xinhua；原始文件：https://raw.githubusercontent.com/crazywhalecc/idiom-database/master/data/idiom.json,MIT（以源仓库声明为准）,四字词、拼音字段、释义字段、重复项检查通过,自动二审通过，待人工终审
source-389,别有风味,bié yǒu fēng wèi,风味原指美好的口味，引伸为事物的特色。另有一种美好的口味。比喻事物所另外具有的特殊色彩或趣味。,酣眠固不可少，小睡也～的。★朱自清《荷塘月色》,清·李汝珍《镜花缘》第五回此时只觉四处焦香扑鼻，倒也别有风味。”,crazywhalecc/idiom-database · MIT · 数据说明来自 pwxcoo/chinese-xinhua；原始文件：https://raw.githubusercontent.com/crazywhalecc/idiom-database/master/data/idiom.json,MIT（以源仓库声明为准）,四字词、拼音字段、释义字段、重复项检查通过,自动二审通过，待人工终审
source-390,别有天地,bié yǒu tiān dì,天地境界。比喻另有一番境界。形容风景或艺术创作的境界引人入胜。,出了山洞口，只见小桥流水，竹篱茅舍，真是～。,唐·李白诗《山中问答》桃花流水窅然去，别有天地非人间。”,crazywhalecc/idiom-database · MIT · 数据说明来自 pwxcoo/chinese-xinhua；原始文件：https://raw.githubusercontent.com/crazywhalecc/idiom-database/master/data/idiom.json,MIT（以源仓库声明为准）,四字词、拼音字段、释义字段、重复项检查通过,自动二审通过，待人工终审
source-391,宾至如归,bīn zhì rú guī,宾客人；至到；归回到家中。客人到这里就象回到自己家里一样。形容招待客人热情周到。,四方之客，一入鲁境，皆有常供，不至缺乏，～。★明·冯梦龙《东周列国志》第七十八回,《左传·襄公三十一年》宾至如归，无宁灾患，不畏寇盗，而亦不患燥湿。”,crazywhalecc/idiom-database · MIT · 数据说明来自 pwxcoo/chinese-xinhua；原始文件：https://raw.githubusercontent.com/crazywhalecc/idiom-database/master/data/idiom.json,MIT（以源仓库声明为准）,四字词、拼音字段、释义字段、重复项检查通过,自动二审通过，待人工终审
source-392,彬彬有礼,bīn bīn yǒu lǐ,彬彬原意为文质兼备的样子，后形容文雅。形容文雅有礼貌的样子。,唤出他两个儿子，兄先弟后，～。★清·李汝珍《镜花缘》第八十三回,《史记·太史公自序》叔孙通定礼仪，则文学彬彬稍进。”,crazywhalecc/idiom-database · MIT · 数据说明来自 pwxcoo/chinese-xinhua；原始文件：https://raw.githubusercontent.com/crazywhalecc/idiom-database/master/data/idiom.json,MIT（以源仓库声明为准）,四字词、拼音字段、释义字段、重复项检查通过,自动二审通过，待人工终审
source-393,鬓乱钗横,bìn luàn chāi héng,鬓耳边的头发；钗妇女的首饰，由两股合成。耳边的头发散乱，首饰横在一边。形容妇女睡眠初醒时未梳妆的样子。,争奈一段伤心画不能，肋斗上泪痕粉渍定，没颜色～。★元·乔孟符《两世姻缘》第二折,宋·王安石《扇子词》青冥风霜非人世，鬓乱钗横特地寒。”,crazywhalecc/idiom-database · MIT · 数据说明来自 pwxcoo/chinese-xinhua；原始文件：https://raw.githubusercontent.com/crazywhalecc/idiom-database/master/data/idiom.json,MIT（以源仓库声明为准）,四字词、拼音字段、释义字段、重复项检查通过,自动二审通过，待人工终审
source-394,冰寒于水,bīng hán yú shuǐ,冰比水冷。指后来居上。比喻学生胜过老师。,蘧（道愍）始师章（继伯），～。★唐·张彦远《历代名画记·七·南齐》”,荀子《劝学》冰，水为之，而寒于水。”,crazywhalecc/idiom-database · MIT · 数据说明来自 pwxcoo/chinese-xinhua；原始文件：https://raw.githubusercontent.com/crazywhalecc/idiom-database/master/data/idiom.json,MIT（以源仓库声明为准）,四字词、拼音字段、释义字段、重复项检查通过,自动二审通过，待人工终审
source-395,冰壶秋月,bīng hú qiū yuè,冰壶盛水的玉壶，比喻洁白。比喻洁白明净。多指人的品格。,愿中如～，莹彻无瑕，非吾曹所及。★《宋史·李侗传》,宋·苏轼《赠潘谷》诗布衫漆黑手如龟，未害冰壶贮秋月。”,crazywhalecc/idiom-database · MIT · 数据说明来自 pwxcoo/chinese-xinhua；原始文件：https://raw.githubusercontent.com/crazywhalecc/idiom-database/master/data/idiom.json,MIT（以源仓库声明为准）,四字词、拼音字段、释义字段、重复项检查通过,自动二审通过，待人工终审
source-396,冰魂雪魄,bīng hún xuě pò,冰、雪如冰的透明，雪的洁白。比喻人品质高尚纯洁。,广寒宫里长征药，医得～回。★宋·陆游《北坡梅》诗,五代·王定保《唐摭言》卷十忍苦为诗身到此，冰魂雪魄已难招。”,crazywhalecc/idiom-database · MIT · 数据说明来自 pwxcoo/chinese-xinhua；原始文件：https://raw.githubusercontent.com/crazywhalecc/idiom-database/master/data/idiom.json,MIT（以源仓库声明为准）,四字词、拼音字段、释义字段、重复项检查通过,自动二审通过，待人工终审
source-397,冰肌玉骨,bīng jī yù gǔ,冰晶莹。肌骨如同冰玉一般。形容女子肌肤莹洁光滑。,换却～胎，丹心吐出异香来。★元·张寿卿《红梨花》第二折,《庄子·逍遥游》藐姑射之山，有神人居焉，肌肤若冰雪，绰约若处子。”宋·苏轼《洞仙歌》词冰肌玉骨，自清凉无汗。”,crazywhalecc/idiom-database · MIT · 数据说明来自 pwxcoo/chinese-xinhua；原始文件：https://raw.githubusercontent.com/crazywhalecc/idiom-database/master/data/idiom.json,MIT（以源仓库声明为准）,四字词、拼音字段、释义字段、重复项检查通过,自动二审通过，待人工终审
source-398,冰清玉洁,bīng qīng yù jié,象冰那样清澈透明，象玉那样洁白无瑕。比喻人的操行清白（多用于女子）。,我这一去～，干事回还，管着你们喝采他。★元·无名氏《陈州粜米》楔子,汉·司马迁《与挚伯陵书》伏唯伯陵材能绝人，高尚其志，以善厥身，冰清玉洁，不以细行。”,crazywhalecc/idiom-database · MIT · 数据说明来自 pwxcoo/chinese-xinhua；原始文件：https://raw.githubusercontent.com/crazywhalecc/idiom-database/master/data/idiom.json,MIT（以源仓库声明为准）,四字词、拼音字段、释义字段、重复项检查通过,自动二审通过，待人工终审
source-399,冰清玉润,bīng qīng yù rùn,润滋润。象冰一样晶莹，如玉一般润泽。原指晋乐广卫玠翁婿俩操行洁白◇常比喻人的品格高洁。,他是～，怎便肯随波逐尘。★明·高濂《玉簪记》第三十出,南朝·宋·刘义庆《世说新语·言语》刘孝标注引《卫玠别传》裴叔道曰妻父有冰清之姿，婿有璧润之望。”,crazywhalecc/idiom-database · MIT · 数据说明来自 pwxcoo/chinese-xinhua；原始文件：https://raw.githubusercontent.com/crazywhalecc/idiom-database/master/data/idiom.json,MIT（以源仓库声明为准）,四字词、拼音字段、释义字段、重复项检查通过,自动二审通过，待人工终审
source-400,冰山易倒,bīng shān yì dǎo,冰山遇到太阳就消溶，容易倒塌。比喻不能长久依赖的靠山。,人们纷纷投靠宰相杨国忠，张彖却认为～，决不依附权贵。,《蝴蝶媒》第十三回那越公虽待我不薄，奈他年寿无多，冰山易倒，未可久留。”,crazywhalecc/idiom-database · MIT · 数据说明来自 pwxcoo/chinese-xinhua；原始文件：https://raw.githubusercontent.com/crazywhalecc/idiom-database/master/data/idiom.json,MIT（以源仓库声明为准）,四字词、拼音字段、释义字段、重复项检查通过,自动二审通过，待人工终审
source-401,冰消瓦解,bīng xiāo wǎ jiě,冰一样地消融，瓦一样地分解。比喻完全消失或彻底崩溃。,韩夫人喜不自胜，将一天愁闷，已～了。★明·冯梦龙《醒世恒言》卷十三,晋·成公绥《云赋》于是玄气仰散，归云四聚；冰消瓦解，奕奕翩翩。”,crazywhalecc/idiom-database · MIT · 数据说明来自 pwxcoo/chinese-xinhua；原始文件：https://raw.githubusercontent.com/crazywhalecc/idiom-database/master/data/idiom.json,MIT（以源仓库声明为准）,四字词、拼音字段、释义字段、重复项检查通过,自动二审通过，待人工终审
source-402,兵不血刃,bīng bù xuè rèn,兵武器；刃刀剑等的锋利部分。兵器上没有沾上血。形容未经战斗就轻易取得了胜利。,～，就平了广西省多年的乱党。★清·张春帆《宦海》第七回,《荀子·议兵》故近者亲其善，远方慕其德，兵不血刃，远迩来服。”,crazywhalecc/idiom-database · MIT · 数据说明来自 pwxcoo/chinese-xinhua；原始文件：https://raw.githubusercontent.com/crazywhalecc/idiom-database/master/data/idiom.json,MIT（以源仓库声明为准）,四字词、拼音字段、释义字段、重复项检查通过,自动二审通过，待人工终审
source-403,兵不厌诈,bīng bù yàn zhà,厌嫌恶；诈欺骗。作战时尽可能地用假象迷惑敌人以取得胜利。,若说～，诸葛亦无如此之阵图，若说幻不厌深，偃师亦无如此之机械。★元·王实甫《西厢记》第三本第二折金圣叹批,《韩非子·难一》臣闻之，繁礼君子，不厌忠信；战阵之间，不厌诈伪。”,crazywhalecc/idiom-database · MIT · 数据说明来自 pwxcoo/chinese-xinhua；原始文件：https://raw.githubusercontent.com/crazywhalecc/idiom-database/master/data/idiom.json,MIT（以源仓库声明为准）,四字词、拼音字段、释义字段、重复项检查通过,自动二审通过，待人工终审
source-404,兵车之会,bīng chē zhī huì,春秋时齐桓公争霸，屡次与诸侯会盟，其中在鲁僖公年间的四次，齐国带有军队，你为兵车之会”。,寡人用～三，衣裳之会六，九合诸侯，一匡天下。★明·冯梦龙《东周列国志》第二十四回,《公羊传·僖公二十一年》请君以兵车之会往宋。”,crazywhalecc/idiom-database · MIT · 数据说明来自 pwxcoo/chinese-xinhua；原始文件：https://raw.githubusercontent.com/crazywhalecc/idiom-database/master/data/idiom.json,MIT（以源仓库声明为准）,四字词、拼音字段、释义字段、重复项检查通过,自动二审通过，待人工终审
source-405,兵出无名,bīng chū wú míng,出兵没有正当理由。亦泛指行事无正当理由。同师出无名”,昔赤眉、黄巾横逆宇宙，所以一旦败亡者，正以～，聚而为乱。★《晋书·石勒传》,《汉书·高帝纪》兵出无名，事故不成。”,crazywhalecc/idiom-database · MIT · 数据说明来自 pwxcoo/chinese-xinhua；原始文件：https://raw.githubusercontent.com/crazywhalecc/idiom-database/master/data/idiom.json,MIT（以源仓库声明为准）,四字词、拼音字段、释义字段、重复项检查通过,自动二审通过，待人工终审
source-406,兵戈扰攘,bīng gē rǎo rǎng,兵戈武器，指战争；扰攘纷乱。形容战争时期社会秩序的动荡混乱。,那老母原是～中看见杀儿掠女，掠坏了再苏的。★明·凌濛初《初刻拍案惊奇》卷二十二,《后汉书·冯衍传下》遭扰攘之时，值兵革之际。”,crazywhalecc/idiom-database · MIT · 数据说明来自 pwxcoo/chinese-xinhua；原始文件：https://raw.githubusercontent.com/crazywhalecc/idiom-database/master/data/idiom.json,MIT（以源仓库声明为准）,四字词、拼音字段、释义字段、重复项检查通过,自动二审通过，待人工终审
source-407,兵荒马乱,bīng huāng mǎ luàn,荒、乱指社会秩序不安定。形容战争期间社会混乱不安的景象。,此时四处～，朝秦暮楚，我勉强做了一部《旧唐书》，那里还有闲情逸志弄这笔墨。”★清·李汝珍《镜花缘》第一回,元·无名氏《梧桐叶》第四折那兵荒马乱，定然遭驱被掳。”,crazywhalecc/idiom-database · MIT · 数据说明来自 pwxcoo/chinese-xinhua；原始文件：https://raw.githubusercontent.com/crazywhalecc/idiom-database/master/data/idiom.json,MIT（以源仓库声明为准）,四字词、拼音字段、释义字段、重复项检查通过,自动二审通过，待人工终审
source-408,兵精粮足,bīng jīng liáng zú,兵士精壮，粮草充足。形容军力强盛，战备充分。,他久镇河北，～，自立旗号，不服隋朝所管。★清·无名氏《说唐》第二十回,明·罗贯中《三国演义》第四十三回今江东兵精粮足，且有长江之险。”,crazywhalecc/idiom-database · MIT · 数据说明来自 pwxcoo/chinese-xinhua；原始文件：https://raw.githubusercontent.com/crazywhalecc/idiom-database/master/data/idiom.json,MIT（以源仓库声明为准）,四字词、拼音字段、释义字段、重复项检查通过,自动二审通过，待人工终审
source-409,兵连祸结,bīng lián huò jié,兵战争；连接连；结相联。战争接连不断，带来了无穷的灾祸。,～，涂炭平民，耗损国内，悔之晚矣。★明·刘基《前江淮都转运盐使宋公政绩纪》,《汉书·匈奴传》虽有克获之功，胡辄报之，兵连祸结，三十余年。”,crazywhalecc/idiom-database · MIT · 数据说明来自 pwxcoo/chinese-xinhua；原始文件：https://raw.githubusercontent.com/crazywhalecc/idiom-database/master/data/idiom.json,MIT（以源仓库声明为准）,四字词、拼音字段、释义字段、重复项检查通过,自动二审通过，待人工终审
source-410,兵临城下,bīng lín chéng xià,敌军已来到自己的城墙下面。比喻情势十分危急。,若侯～，将至壕边，然后拒敌，事已迟矣。★明·罗贯中《三国演义》第三十一回,《战国策·齐策二》齐必举兵伐梁，梁、齐之兵连于城下不能去，王以其间伐韩。”,crazywhalecc/idiom-database · MIT · 数据说明来自 pwxcoo/chinese-xinhua；原始文件：https://raw.githubusercontent.com/crazywhalecc/idiom-database/master/data/idiom.json,MIT（以源仓库声明为准）,四字词、拼音字段、释义字段、重复项检查通过,自动二审通过，待人工终审
source-411,兵强马壮,bīng qiáng mǎ zhuàng,兵力强盛，战马健壮。形容军队实力强，富有战斗力。,时孔明～，粮草丰足，所用之物，一切完备，正要出师。★明·罗贯中《三国演义》第九十七回,《新五代史·安重荣传》尝谓人曰‘天子宁有种耶？兵强马壮者为之尔。’”,crazywhalecc/idiom-database · MIT · 数据说明来自 pwxcoo/chinese-xinhua；原始文件：https://raw.githubusercontent.com/crazywhalecc/idiom-database/master/data/idiom.json,MIT（以源仓库声明为准）,四字词、拼音字段、释义字段、重复项检查通过,自动二审通过，待人工终审
source-412,掤扒吊拷,bīng bā diào kǎo,强行脱去衣服，捆绑并吊起来拷打。同绷扒吊拷”。,大尹升堂，验着衣领针线是实，明知无枉，喝教‘用起刑来！’令招实情。～，备受苦楚，这些顽皮赖肉只不肯招。★明·凌濛初《二刻拍案惊奇》卷五,元·无名氏《渔樵记》第三折（张云）他敢怎的你。（唱）他将你掤扒吊栲施呈尽。（旦儿云）呸！我是他的夫人，他敢怎么的我？”,crazywhalecc/idiom-database · MIT · 数据说明来自 pwxcoo/chinese-xinhua；原始文件：https://raw.githubusercontent.com/crazywhalecc/idiom-database/master/data/idiom.json,MIT（以源仓库声明为准）,四字词、拼音字段、释义字段、重复项检查通过,自动二审通过，待人工终审
source-413,并驾齐驱,bìng jià qí qū,并驾几匹马并排拉着一辆车；齐驱一齐快跑。并排套着的几匹马一齐快跑。比喻彼此的力量或才能不分高下。,若让我估量这本书的总价值，我以为只逊于《红楼梦》一筹，与《儒林外史》是可以～的。★朱自清《歧路灯》,南朝·梁·刘勰《文心雕龙·附会》是以驷牡异力，而六辔如琴；并驾齐驱，而一毂统福。”,crazywhalecc/idiom-database · MIT · 数据说明来自 pwxcoo/chinese-xinhua；原始文件：https://raw.githubusercontent.com/crazywhalecc/idiom-database/master/data/idiom.json,MIT（以源仓库声明为准）,四字词、拼音字段、释义字段、重复项检查通过,自动二审通过，待人工终审
source-414,并日而食,bìng rì ér shí,并日两天合并成一天。不能天天得食，两天三天才能得一天的粮食。形容生活穷困。,思惟北征，宜先入南，故五月渡泸，深入不毛，～，臣非不自惜也，顾王业不可偏安于蜀都。★三国·蜀·诸葛亮《后出师表》,《礼记·儒行》儒有一亩之宫，环堵之室，筚门圭窬，蓬户瓮牖，易衣而出，并日而食。”,crazywhalecc/idiom-database · MIT · 数据说明来自 pwxcoo/chinese-xinhua；原始文件：https://raw.githubusercontent.com/crazywhalecc/idiom-database/master/data/idiom.json,MIT（以源仓库声明为准）,四字词、拼音字段、释义字段、重复项检查通过,自动二审通过，待人工终审
source-415,病从口入,bìng cóng kǒu rù,疾病多是由食物传染。比喻应该注意饮食卫生。,我们要讲究饮食卫生，防止～。,晋·傅玄《口铭》病从口入，祸从口出。”,crazywhalecc/idiom-database · MIT · 数据说明来自 pwxcoo/chinese-xinhua；原始文件：https://raw.githubusercontent.com/crazywhalecc/idiom-database/master/data/idiom.json,MIT（以源仓库声明为准）,四字词、拼音字段、释义字段、重复项检查通过,自动二审通过，待人工终审
source-416,病民蛊国,bìng mín gǔ guó,病损坏，祸害；蛊相传为人工培养的毒虫，引伸为毒害ˇ人民、害国家。,吾辈～不能仇，现在之执法者也。★清·纪昀《阅微草堂笔记》卷五,明·天然痴叟《石点头·贪婪汉六院卖风流》昔刘晏呻羊，利尽缁铢，而未尝病国病民，后世犹说其聚敛。”,crazywhalecc/idiom-database · MIT · 数据说明来自 pwxcoo/chinese-xinhua；原始文件：https://raw.githubusercontent.com/crazywhalecc/idiom-database/master/data/idiom.json,MIT（以源仓库声明为准）,四字词、拼音字段、释义字段、重复项检查通过,自动二审通过，待人工终审
source-417,病入膏肓,bìng rù gāo huāng,膏肓古人把心尖脂肪叫膏”，心脏与膈膜之间叫肓”。形容病情十分严重，无法医治。比喻事情到了无法挽救的地步。,吾观刘琦过于酒色，～，今见面黄羸瘦，气喘呕血，不过半年，其人必死。★明·罗贯中《三国演义》第五十二回,《左传·成公十年》疾不可为也，在肓之上，膏之下，攻之不可，达之不及，药不至焉，不可为也。”,crazywhalecc/idiom-database · MIT · 数据说明来自 pwxcoo/chinese-xinhua；原始文件：https://raw.githubusercontent.com/crazywhalecc/idiom-database/master/data/idiom.json,MIT（以源仓库声明为准）,四字词、拼音字段、释义字段、重复项检查通过,自动二审通过，待人工终审
source-418,病在膏肓,bìng zài gāo huāng,比喻事情到了无法挽救的地步。同病入膏肓”。,便遇秦和医国手，只恐他～怎救？★明邵璨《香囊记·问卜》,宋·朱熹《与台端书》今天下之病在膏肓者久，夫人而能知之，夫人而欲言之，顾以不当其任，虽欲一效其伎而无所施耳。”,crazywhalecc/idiom-database · MIT · 数据说明来自 pwxcoo/chinese-xinhua；原始文件：https://raw.githubusercontent.com/crazywhalecc/idiom-database/master/data/idiom.json,MIT（以源仓库声明为准）,四字词、拼音字段、释义字段、重复项检查通过,自动二审通过，待人工终审
source-419,拨乱反正,bō luàn fǎn zhèng,拨治理；乱指乱世；反通返”，回复。消除混乱局面，恢复正常秩序。,今天运将转，不过数十年，真人当出，～。★明·冯梦龙《古今小说》卷三十二,《公羊传·哀公十四年》拨乱世，反诸正，莫近诸《春秋》。”,crazywhalecc/idiom-database · MIT · 数据说明来自 pwxcoo/chinese-xinhua；原始文件：https://raw.githubusercontent.com/crazywhalecc/idiom-database/master/data/idiom.json,MIT（以源仓库声明为准）,四字词、拼音字段、释义字段、重复项检查通过,自动二审通过，待人工终审
source-420,拨乱反治,bō luàn fǎn zhì,犹拨乱反正。指消除混乱局面，恢复正常秩序。,夫～，苟无非常之才，其力固难以及远也。★清·何焯《义门读书记·左传一》,元·马致远《陈抟高卧》第一折区区见五代之乱，天下涂炭极矣，常有拨乱反治之志。”,crazywhalecc/idiom-database · MIT · 数据说明来自 pwxcoo/chinese-xinhua；原始文件：https://raw.githubusercontent.com/crazywhalecc/idiom-database/master/data/idiom.json,MIT（以源仓库声明为准）,四字词、拼音字段、释义字段、重复项检查通过,自动二审通过，待人工终审
source-421,拨云睹日,bō yún dǔ rì,拨开云彩看见太阳。形容受到启发，思想豁然开朗，或比喻见到光明，大有希望。同拨云见日”。,自别兄长台颜，一向有失听教，今得一见，如～。★元·王实甫《西厢记》第二本楔子,语出《晋书·乐广传》[卫瓘]见广而奇之……命诸子造焉，曰‘此人之水镜，见之莹然，若披云雾而睹青云者也。’”,crazywhalecc/idiom-database · MIT · 数据说明来自 pwxcoo/chinese-xinhua；原始文件：https://raw.githubusercontent.com/crazywhalecc/idiom-database/master/data/idiom.json,MIT（以源仓库声明为准）,四字词、拼音字段、释义字段、重复项检查通过,自动二审通过，待人工终审
source-422,拨云见日,bō yún jiàn rì,拨开乌云见到太阳。比喻冲破黑暗见到光明。也比喻疑团消除，心里顿时明白。,晚生得蒙老先生指教，如～，感激不尽。（清·吴敬梓《儒林外史》第三十九回）,《晋书·乐广传》此人之水镜，见之莹然，若披云雾而睹青天也。”,crazywhalecc/idiom-database · MIT · 数据说明来自 pwxcoo/chinese-xinhua；原始文件：https://raw.githubusercontent.com/crazywhalecc/idiom-database/master/data/idiom.json,MIT（以源仓库声明为准）,四字词、拼音字段、释义字段、重复项检查通过,自动二审通过，待人工终审
source-423,波谲云诡,bō jué yún guǐ,谲诡怪异，变化∶象云彩和水波那样，形态不可捉摸。原形容房屋构造就象云彩、波浪一样千姿百态◇多形容事物变幻莫测。,这其间的悲欢离合，～，令人在冷静沉默中回想起来，抚今追昔，实不胜其感慨系之.★邹韬奋《抗战以来·开匙》,汉·扬雄《甘泉赋》于是大厦云谲波诡，摧摧而成观。”,crazywhalecc/idiom-database · MIT · 数据说明来自 pwxcoo/chinese-xinhua；原始文件：https://raw.githubusercontent.com/crazywhalecc/idiom-database/master/data/idiom.json,MIT（以源仓库声明为准）,四字词、拼音字段、释义字段、重复项检查通过,自动二审通过，待人工终审
source-424,波澜老成,bō lán lǎo chéng,波澜波涛，形容文章多起伏；老成指文章很老练。形容文章气势雄壮，语句老练。,情辞斐亹，～，吾敬孙君宇台。★清·王晫《今世说·品藻》,唐·杜甫《敬赠郑谏议十韵》诗毫发无遗憾，波澜独老成。”,crazywhalecc/idiom-database · MIT · 数据说明来自 pwxcoo/chinese-xinhua；原始文件：https://raw.githubusercontent.com/crazywhalecc/idiom-database/master/data/idiom.json,MIT（以源仓库声明为准）,四字词、拼音字段、释义字段、重复项检查通过,自动二审通过，待人工终审
source-425,波澜壮阔,bō lán zhuàng kuò,原形容水面辽阔。现比喻声势雄壮或规模巨大。,七言诗须～，顿挫激昂，大开开阖耳。★清·郎廷槐《师友诗传续录》,南朝·宋·鲍照《登大雷岸与妹书》旅客贫辛，波路壮阔。”,crazywhalecc/idiom-database · MIT · 数据说明来自 pwxcoo/chinese-xinhua；原始文件：https://raw.githubusercontent.com/crazywhalecc/idiom-database/master/data/idiom.json,MIT（以源仓库声明为准）,四字词、拼音字段、释义字段、重复项检查通过,自动二审通过，待人工终审
source-426,剥床及肤,bō chuáng jí fū,剥六十四卦之一，坤下艮上，意即剥落、烂；及到。原指损害及于肌肤◇形容迫切的灾害或深切的痛苦。,～，其忧岂不在民乎！★宋·陈亮《义乌县减酒额记》,《周易·剥》剥床以肤，凶。”,crazywhalecc/idiom-database · MIT · 数据说明来自 pwxcoo/chinese-xinhua；原始文件：https://raw.githubusercontent.com/crazywhalecc/idiom-database/master/data/idiom.json,MIT（以源仓库声明为准）,四字词、拼音字段、释义字段、重复项检查通过,自动二审通过，待人工终审
source-427,剥肤椎髓,bō fū chuí suǐ,剥剥去；肤皮肤；椎捶击。剥人皮肤，敲人骨髓。比喻极其残酷地压榨和剥削。,世方以阿意顺旨为贤，～为能。★明·焦竑《玉堂丛语·政事》,唐·韩愈《郓州溪堂诗》序而公承死亡之后，掇拾之余，剥肤椎髓，公私扫地赤立。”,crazywhalecc/idiom-database · MIT · 数据说明来自 pwxcoo/chinese-xinhua；原始文件：https://raw.githubusercontent.com/crazywhalecc/idiom-database/master/data/idiom.json,MIT（以源仓库声明为准）,四字词、拼音字段、释义字段、重复项检查通过,自动二审通过，待人工终审
source-428,播穅眯目,bō kāng mǐ mù,散布糠屑以迷人目。比喻被外物蒙蔽而迷失方向。,夫意之所蔽以恶为美者多矣，何特眇倡之事哉？传曰‘～，则天地四方易位。’余尝三复其言而悲之。★宋·秦观《眇倡传》,《庄子天运》夫播穅眯目，则天地四方易位矣。”,crazywhalecc/idiom-database · MIT · 数据说明来自 pwxcoo/chinese-xinhua；原始文件：https://raw.githubusercontent.com/crazywhalecc/idiom-database/master/data/idiom.json,MIT（以源仓库声明为准）,四字词、拼音字段、释义字段、重复项检查通过,自动二审通过，待人工终审
source-429,伯仲之间,bó zhòng zhī jiān,伯仲兄弟排行的次第，伯是老大，仲是老二；间中间。比喻差不多，难分优劣。,～见伊吕，指挥若定失萧曹。★唐·杜甫《咏怀古迹》诗,三国·魏·曹丕《曲论·论文》傅毅之于班固，伯仲之间耳。”,crazywhalecc/idiom-database · MIT · 数据说明来自 pwxcoo/chinese-xinhua；原始文件：https://raw.githubusercontent.com/crazywhalecc/idiom-database/master/data/idiom.json,MIT（以源仓库声明为准）,四字词、拼音字段、释义字段、重复项检查通过,自动二审通过，待人工终审
source-430,勃然变色,bó rán biàn sè,勃然突然地。变色变了脸色。突然生气，变了脸色。,重耳～，搁杯不饮。★明·冯梦龙《东周列国志》第三十四回,《孟子·万章下》（孟子）曰‘君有大过谏；反复之而不听，则易位。’王勃然变乎色。”,crazywhalecc/idiom-database · MIT · 数据说明来自 pwxcoo/chinese-xinhua；原始文件：https://raw.githubusercontent.com/crazywhalecc/idiom-database/master/data/idiom.json,MIT（以源仓库声明为准）,四字词、拼音字段、释义字段、重复项检查通过,自动二审通过，待人工终审
source-431,博采众长,bó cǎi zhòng cháng,博采广泛搜集采纳。从多方面吸取各家的长处。,他对学生、画友，从不以我画线，而是主张～，自立门户。★黄胄《怀念望云老师》,汉·刘向《说苑·君道》凡处尊位者，必以敬下顺德规谏，必开不讳之门，蹲节安静以藉之，谏者勿振以威，母格其言，博采其辞，乃择可观。”,crazywhalecc/idiom-database · MIT · 数据说明来自 pwxcoo/chinese-xinhua；原始文件：https://raw.githubusercontent.com/crazywhalecc/idiom-database/master/data/idiom.json,MIT（以源仓库声明为准）,四字词、拼音字段、释义字段、重复项检查通过,自动二审通过，待人工终审
source-432,博古通今,bó gǔ tōng jīn,通通晓；博广博，知道得多。对古代的事知道得很多，并且通晓现代的事情。形容知识丰富。,你向有才女之名，最是～。★清·李汝珍《镜花缘》第五回,《孔子家语·观周》吾闻老聃博古知今。”,crazywhalecc/idiom-database · MIT · 数据说明来自 pwxcoo/chinese-xinhua；原始文件：https://raw.githubusercontent.com/crazywhalecc/idiom-database/master/data/idiom.json,MIT（以源仓库声明为准）,四字词、拼音字段、释义字段、重复项检查通过,自动二审通过，待人工终审
source-433,博硕肥腯,bó shuò féi tú,博硕形状大；腯音‘途’，肥壮。指六畜肥壮。,家有水牛一，博硕肥途，爱之特甚。★清·淮阴百一居士《壶天录》,《左传·桓公六年》故奉牲以告曰‘博硕肥途。’”,crazywhalecc/idiom-database · MIT · 数据说明来自 pwxcoo/chinese-xinhua；原始文件：https://raw.githubusercontent.com/crazywhalecc/idiom-database/master/data/idiom.json,MIT（以源仓库声明为准）,四字词、拼音字段、释义字段、重复项检查通过,自动二审通过，待人工终审
source-434,博文约礼,bó wén yuè lǐ,博金我，广；约约束。广求学问，恪守礼法。,～，讵穷于钻仰也。★清·王闿运《八代文粹序》,《论语·雍也》君子博学于文，约之以礼，亦可以弗畔矣夫！”,crazywhalecc/idiom-database · MIT · 数据说明来自 pwxcoo/chinese-xinhua；原始文件：https://raw.githubusercontent.com/crazywhalecc/idiom-database/master/data/idiom.json,MIT（以源仓库声明为准）,四字词、拼音字段、释义字段、重复项检查通过,自动二审通过，待人工终审
source-435,博闻多识,bó wén duō shí,博广博；闻见闻；识学识。知识丰富，见闻广博。,公子生长中原，～，必知此兽之名。★明·冯梦龙《东周列国志》第35回,《魏书·李业兴传》博闻多识，万门千户，所宜访询。”,crazywhalecc/idiom-database · MIT · 数据说明来自 pwxcoo/chinese-xinhua；原始文件：https://raw.githubusercontent.com/crazywhalecc/idiom-database/master/data/idiom.json,MIT（以源仓库声明为准）,四字词、拼音字段、释义字段、重复项检查通过,自动二审通过，待人工终审
source-436,补苴罅漏,bǔ jū xià lòu,苴鞋底的草垫；罅缝隙。补好裂缝，堵住漏洞。比喻弥补事物的缺陷。,～，经纬万端。来日之难，培于往昔。★蔡东藩、许廑父《民国通俗演义》第七十七回,唐·韩愈《进学解》补苴罅漏，张皇幽眇。”,crazywhalecc/idiom-database · MIT · 数据说明来自 pwxcoo/chinese-xinhua；原始文件：https://raw.githubusercontent.com/crazywhalecc/idiom-database/master/data/idiom.json,MIT（以源仓库声明为准）,四字词、拼音字段、释义字段、重复项检查通过,自动二审通过，待人工终审
source-437,补牢顾犬,bǔ láo gù quǎn,丢失了羊，才修补羊圈；见了野兔，才回头唤狗去追捕。比喻对出现的失误，及时设法补救。,及待开厂制办，～，已觉其迟。★清·左宗棠《请拓增船炮大厂疏》,语本《战国策·楚策四》见兔而顾犬，未为晚也；亡羊而补牢，未为迟也。”,crazywhalecc/idiom-database · MIT · 数据说明来自 pwxcoo/chinese-xinhua；原始文件：https://raw.githubusercontent.com/crazywhalecc/idiom-database/master/data/idiom.json,MIT（以源仓库声明为准）,四字词、拼音字段、释义字段、重复项检查通过,自动二审通过，待人工终审
source-438,补偏救弊,bǔ piān jiù bì,偏偏差；弊赞美。补救偏差漏洞，纠正缺点错误。,苟不自其本页图之，则亦仅能～，偷为一时之治而已矣。★严复《原强》,《汉书·董仲舒传》先王之道必有偏而不起之处，故政有眊而不行，举其偏者以补其弊而已也。”,crazywhalecc/idiom-database · MIT · 数据说明来自 pwxcoo/chinese-xinhua；原始文件：https://raw.githubusercontent.com/crazywhalecc/idiom-database/master/data/idiom.json,MIT（以源仓库声明为准）,四字词、拼音字段、释义字段、重复项检查通过,自动二审通过，待人工终审
source-439,补阙拾遗,bǔ quē shí yí,阙通缺”，缺失。拾遗补录遗漏。补录缺失遗漏的内容。,其次扬清激浊，能～。★《明史·孙磐传》,《晋书·张轨传》圣王将举大事，必崇三讯之法，朝置谏官以匡大理，疑承弼以补阙拾遗。”,crazywhalecc/idiom-database · MIT · 数据说明来自 pwxcoo/chinese-xinhua；原始文件：https://raw.githubusercontent.com/crazywhalecc/idiom-database/master/data/idiom.json,MIT（以源仓库声明为准）,四字词、拼音字段、释义字段、重复项检查通过,自动二审通过，待人工终审
source-440,补天浴日,bǔ tiān yù rì,这是指女娲炼五色石补天和羲和给太阳洗澡两个神话故事◇用来比喻人有战胜自然的能力。也形容伟大的功业。,反听刘隗刁协之徒，窃弄威柄，将我～之功，弃而不录，思之不能无怨也。★明·朱鼎《玉镜合记·新亭流涕》,《淮南子·览冥训》于是女娲炼五色石以补苍天。”又《山海经·大荒南经》有羲和之国，有女子名曰羲和，方日浴于甘渊。”,crazywhalecc/idiom-database · MIT · 数据说明来自 pwxcoo/chinese-xinhua；原始文件：https://raw.githubusercontent.com/crazywhalecc/idiom-database/master/data/idiom.json,MIT（以源仓库声明为准）,四字词、拼音字段、释义字段、重复项检查通过,自动二审通过，待人工终审
source-441,哺糟歠醨,bǔ zāo chuò lí,比喻效法时俗，随波逐流。亦作哺糟啜醨”。,～，俯同妄作，披褐怀玉，无由自陈。★唐·刘知幾《史通·核才》,语出《楚辞·渔父》众人皆醉，何不餵其糟而歠其醨”,crazywhalecc/idiom-database · MIT · 数据说明来自 pwxcoo/chinese-xinhua；原始文件：https://raw.githubusercontent.com/crazywhalecc/idiom-database/master/data/idiom.json,MIT（以源仓库声明为准）,四字词、拼音字段、释义字段、重复项检查通过,自动二审通过，待人工终审
source-442,捕风捉影,bǔ fēng zhuō yǐng,风和影子都是抓不着的。比喻说话做事丝毫没有事实根据。,若被黜者一一求其所以得罪之故，～，捏造流言。★明·张居正《乞鉴别忠邪以定国上疏》,《汉书·郊祀志》听其言，洋洋满耳，若将可遇；求之，荡荡如系风捕景，终不可得。”《朱子全书》若悠悠地似做不做，如捕风捉影，有甚长进？”,crazywhalecc/idiom-database · MIT · 数据说明来自 pwxcoo/chinese-xinhua；原始文件：https://raw.githubusercontent.com/crazywhalecc/idiom-database/master/data/idiom.json,MIT（以源仓库声明为准）,四字词、拼音字段、释义字段、重复项检查通过,自动二审通过，待人工终审
source-443,捕影系风,bǔ yǐng xì fēng,风和影子都是抓不着的。比喻说话做事丝毫没有事实根据。,于是连兵十数年，国削民乏，渺然视太平之象，更若～。★南唐·史虚白《钓矶立谈》,《梁书·刘孝绰传》但雕朽污粪，徒成延奖；捕影系风，终无效答。”,crazywhalecc/idiom-database · MIT · 数据说明来自 pwxcoo/chinese-xinhua；原始文件：https://raw.githubusercontent.com/crazywhalecc/idiom-database/master/data/idiom.json,MIT（以源仓库声明为准）,四字词、拼音字段、释义字段、重复项检查通过,自动二审通过，待人工终审
source-444,不按君臣,bù àn jūn chén,中医处方，以君臣相配为原则。君是主药，臣是辅药。不按君臣，就是违反药理，胡乱用药。引申为使用毒药的隐语。,宋四公怀中取出酸馅，着些个～作怪的药，入在里面。★《古今小说·宋四公大闹禁魂张》,《水浒传》第一一一回解宝身边取出不按君臣的药头，张人眼慢，放在酒壶里。”,crazywhalecc/idiom-database · MIT · 数据说明来自 pwxcoo/chinese-xinhua；原始文件：https://raw.githubusercontent.com/crazywhalecc/idiom-database/master/data/idiom.json,MIT（以源仓库声明为准）,四字词、拼音字段、释义字段、重复项检查通过,自动二审通过，待人工终审
source-445,不卑不亢,bù bēi bù kàng,卑低、自卑；亢高傲。指对人有恰当的分寸，既不低声下气，也不傲慢自大。,老张虽着急，可是龙树古～的支应，使老张无可发作。★老舍《老张的哲学》,明·朱之瑜《答小宅生顺书十九首》圣贤自有中正之道，不亢不卑，不骄不诌，何得如此也！”,crazywhalecc/idiom-database · MIT · 数据说明来自 pwxcoo/chinese-xinhua；原始文件：https://raw.githubusercontent.com/crazywhalecc/idiom-database/master/data/idiom.json,MIT（以源仓库声明为准）,四字词、拼音字段、释义字段、重复项检查通过,自动二审通过，待人工终审
source-446,不避斧钺,bù bì fǔ yuè,斧钺古代的兵器。不躲避斧钺之类的兵器。形容将士英勇无畏，或烈士忠义不屈。,臣向来不以面从为忠，故今日～，直言苦谏。★姚雪垠《李自成》第二卷第三十二章,《汉书·赵充国传》愚臣伏计孰甚，不敢避斧钺之诛，昧死陈愚，唯陛下省察。”,crazywhalecc/idiom-database · MIT · 数据说明来自 pwxcoo/chinese-xinhua；原始文件：https://raw.githubusercontent.com/crazywhalecc/idiom-database/master/data/idiom.json,MIT（以源仓库声明为准）,四字词、拼音字段、释义字段、重复项检查通过,自动二审通过，待人工终审
source-447,不辨菽麦,bù biàn shū mài,菽豆子。分不清哪是豆子，哪是麦子。形容愚笨无知◇形容缺乏实际生产知识。,世间也尽有～的人。★郭沫若《银杏》,《左传·成公十八年》周子有兄而无慧，不能辨菽麦，故不可立。”,crazywhalecc/idiom-database · MIT · 数据说明来自 pwxcoo/chinese-xinhua；原始文件：https://raw.githubusercontent.com/crazywhalecc/idiom-database/master/data/idiom.json,MIT（以源仓库声明为准）,四字词、拼音字段、释义字段、重复项检查通过,自动二审通过，待人工终审
source-448,不测之祸,bù cè zhī huò,测揣度，预测。无法揣测的祸患。多指牢狱或杀身之祸。,先生几蹈～。★清·汪琬《送魏光禄归蔚州序》,《三国志·魏志·陆凯传》何以专为佞邪，秽尘天听？宜自改厉。不然，方见卿有不测之祸矣。”,crazywhalecc/idiom-database · MIT · 数据说明来自 pwxcoo/chinese-xinhua；原始文件：https://raw.githubusercontent.com/crazywhalecc/idiom-database/master/data/idiom.json,MIT（以源仓库声明为准）,四字词、拼音字段、释义字段、重复项检查通过,自动二审通过，待人工终审
source-449,不臣之心,bù chén zhī xīn,不臣不守臣子的本分，封建社会中不忠君。意指不忠君的思想◇也指犯上作乱的野心。,后又结托朝贵，遂任显官，统西州大军二十万，常有～。★明·罗贯中《三国演义》第三回,《三国志·魏书·二公孙陶四张传》是时术阴有不臣之心，不利国家有长主，外托公义以答拒之。”《晋书·周处传》闻敦有不臣之心，访恆切齿。敦虽怀逆谋，故终访之世未敢为非。”,crazywhalecc/idiom-database · MIT · 数据说明来自 pwxcoo/chinese-xinhua；原始文件：https://raw.githubusercontent.com/crazywhalecc/idiom-database/master/data/idiom.json,MIT（以源仓库声明为准）,四字词、拼音字段、释义字段、重复项检查通过,自动二审通过，待人工终审
source-450,不成体统,bù chéng tǐ tǒng,体统格局，规矩。指言行没有规矩，不成样子。,此时官厅上乱烘烘的，闹了个～。★清·吴趼人《二十年目睹之怪现状》第二十七回,明·罗贯中《三国演义》第十三回刻印不及，以锥画之，全不成体统。”,crazywhalecc/idiom-database · MIT · 数据说明来自 pwxcoo/chinese-xinhua；原始文件：https://raw.githubusercontent.com/crazywhalecc/idiom-database/master/data/idiom.json,MIT（以源仓库声明为准）,四字词、拼音字段、释义字段、重复项检查通过,自动二审通过，待人工终审
source-451,不逞之徒,bù chěng zhī tú,不逞不得志，不如意；徒人（含贬义）。因心怀不满而闹事捣乱的人。,如有～假托民军，借端扰害治安，即为人民公敌。★蔡东藩、许廑父《民国通俗演义》第六十八回,《左传·襄公十年》故五族聚群不逞之人，因公子之徒以作乱。”,crazywhalecc/idiom-database · MIT · 数据说明来自 pwxcoo/chinese-xinhua；原始文件：https://raw.githubusercontent.com/crazywhalecc/idiom-database/master/data/idiom.json,MIT（以源仓库声明为准）,四字词、拼音字段、释义字段、重复项检查通过,自动二审通过，待人工终审
source-452,不痴不聋,bù chī bù lóng,人不傻，耳朵也不聋。常与不成姑公”连用，意为不故作痴呆，不装聋作哑，就不能当阿婆阿公。形容长辈要宽宏大量。,鄙谚有之～，不作家翁。”★《资治通鉴·唐纪代宗大历二年》,汉·刘熙《释名》卷二不瘖不聋，不成姑公。”,crazywhalecc/idiom-database · MIT · 数据说明来自 pwxcoo/chinese-xinhua；原始文件：https://raw.githubusercontent.com/crazywhalecc/idiom-database/master/data/idiom.json,MIT（以源仓库声明为准）,四字词、拼音字段、释义字段、重复项检查通过,自动二审通过，待人工终审
source-453,不齿于人,bù chǐ yú rén,齿象牙齿一样排列。不能列于人类。指被人看不起。,燕人马植，本辽大族，仕至光禄卿，行污而内乱，～。★清·毕沅《续资治通鉴·宋纪·徽宗政和元年》,宋·沈括《梦溪笔谈·杂志》以为士人不齿，放弃终身。”,crazywhalecc/idiom-database · MIT · 数据说明来自 pwxcoo/chinese-xinhua；原始文件：https://raw.githubusercontent.com/crazywhalecc/idiom-database/master/data/idiom.json,MIT（以源仓库声明为准）,四字词、拼音字段、释义字段、重复项检查通过,自动二审通过，待人工终审
source-454,不耻下问,bù chǐ xià wèn,乐于向学问或地位比自己低的人学习，而不觉得不好意思。,阁下既～，弟先须请教宗旨何如？★清·刘鹗《老残游记》第七回,《论语·公冶长》敏而好学，不耻下问。”,crazywhalecc/idiom-database · MIT · 数据说明来自 pwxcoo/chinese-xinhua；原始文件：https://raw.githubusercontent.com/crazywhalecc/idiom-database/master/data/idiom.json,MIT（以源仓库声明为准）,四字词、拼音字段、释义字段、重复项检查通过,自动二审通过，待人工终审
source-455,不耻最后,bù chǐ zuì hòu,因为跑到最后而感到可耻。比喻凡是只要坚持到底，就能达到目的。,记得韩非子曾经教人以竞马的要妙，其一是‘～’。★鲁迅《华盖集·补白》,《韩非子·喻老》夫诱道争远，非先则后也。而先后心皆在于臣，上何以调于马，此君之所以后也。”,crazywhalecc/idiom-database · MIT · 数据说明来自 pwxcoo/chinese-xinhua；原始文件：https://raw.githubusercontent.com/crazywhalecc/idiom-database/master/data/idiom.json,MIT（以源仓库声明为准）,四字词、拼音字段、释义字段、重复项检查通过,自动二审通过，待人工终审
source-456,不啻天渊,bù chì tiān yuān,不啻无异于。渊深潭。无异于从云天之上到深潭之底。比喻差别极大。,比那辛亥革命，直～远隔呢。★蔡东藩、许廑父《民国通俗演义》第二十八回,清·李渔《闲情偶寄·宾白第四》吴有吴音，越有越语，相去不啻天渊。”,crazywhalecc/idiom-database · MIT · 数据说明来自 pwxcoo/chinese-xinhua；原始文件：https://raw.githubusercontent.com/crazywhalecc/idiom-database/master/data/idiom.json,MIT（以源仓库声明为准）,四字词、拼音字段、释义字段、重复项检查通过,自动二审通过，待人工终审
source-457,不出所料,bù chū suǒ liào,事由变化，在预料之中。形容原先预料的准确。,果然～，”这样的一念闪过校长先生的心头。(叶圣陶《一篇宣言》),清·曾朴《孽海花》第十回见你不在，我就猜着到这里来了，所以一直赶来，果然不出所料。”,crazywhalecc/idiom-database · MIT · 数据说明来自 pwxcoo/chinese-xinhua；原始文件：https://raw.githubusercontent.com/crazywhalecc/idiom-database/master/data/idiom.json,MIT（以源仓库声明为准）,四字词、拼音字段、释义字段、重复项检查通过,自动二审通过，待人工终审
source-458,不揣冒昧,bù chuǎi mào mèi,揣估量，考虑。用于没有慎重考虑就轻率行事的客气话。,又看到日本学界也每每用汉文出书，我真是～，竟想把我的论著也拿去尝试。★郭沫若《海涛集·我是中国人》,晋·郭璞《〈尔雅〉序》璞不揆梼昧，少而勿焉。”,crazywhalecc/idiom-database · MIT · 数据说明来自 pwxcoo/chinese-xinhua；原始文件：https://raw.githubusercontent.com/crazywhalecc/idiom-database/master/data/idiom.json,MIT（以源仓库声明为准）,四字词、拼音字段、释义字段、重复项检查通过,自动二审通过，待人工终审
source-459,不辞而别,bù cí ér bié,辞告辞；别离别。没有告辞就离开了。或悄悄溜走了。,于是，大家想不辞而别。★老舍《不成问题的问题》,元·郑德辉《王粲登楼》第一折报老爷得知，王粲不辞而别去了。”,crazywhalecc/idiom-database · MIT · 数据说明来自 pwxcoo/chinese-xinhua；原始文件：https://raw.githubusercontent.com/crazywhalecc/idiom-database/master/data/idiom.json,MIT（以源仓库声明为准）,四字词、拼音字段、释义字段、重复项检查通过,自动二审通过，待人工终审
source-460,不辞劳苦,bù cí láo kǔ,辞推托；劳苦劳累辛苦。不逃避劳累辛苦。形容人不怕吃苦，毅力强。,真正难得的，是她那不会厌倦的同情和～的服务。★朱自清《刘云波女医师》,唐·牛肃《纪闻·吴保安》今日之事，请不辞劳苦。”,crazywhalecc/idiom-database · MIT · 数据说明来自 pwxcoo/chinese-xinhua；原始文件：https://raw.githubusercontent.com/crazywhalecc/idiom-database/master/data/idiom.json,MIT（以源仓库声明为准）,四字词、拼音字段、释义字段、重复项检查通过,自动二审通过，待人工终审
source-461,不次之迁,bù cì zhī qiān,次顺序，等第；迁官位升迁。比喻超出常规的提升官级。,果能使地方安静，虽无～，要亦不至于冻馁。★清·刘鹗《老残游记》第七回,《汉书·东方朔传》武帝初即位，征天下举方正贤良文学材力之士，待以不次之位。”,crazywhalecc/idiom-database · MIT · 数据说明来自 pwxcoo/chinese-xinhua；原始文件：https://raw.githubusercontent.com/crazywhalecc/idiom-database/master/data/idiom.json,MIT（以源仓库声明为准）,四字词、拼音字段、释义字段、重复项检查通过,自动二审通过，待人工终审
source-462,不打自招,bù dǎ zì zhāo,招招供。旧指没有用刑就招供。比喻做了坏事或有坏的意图自我暴露出来。,但是我还要说重庆发言人是个蠢猪，他～，向人国人民泄露了日本帝国主义的计划。★毛泽东《为皖南事变发表的命令和谈话》,明·吴承恩《西游记》第十七回也是个不打自招的怪物，他忽然说出道后日是他母难之日，邀请诸邪来作生日。”,crazywhalecc/idiom-database · MIT · 数据说明来自 pwxcoo/chinese-xinhua；原始文件：https://raw.githubusercontent.com/crazywhalecc/idiom-database/master/data/idiom.json,MIT（以源仓库声明为准）,四字词、拼音字段、释义字段、重复项检查通过,自动二审通过，待人工终审
source-463,不当人子,bù dāng rén zǐ,表示歉意或感谢的话，意思是罪过，不敢当。,我们都是烟火邻居，遇着这样大事，理该效劳。却又还破费老师父，～。★清·吴敬梓《儒林外史》第二十回,明·冯梦龙《醒世恒言》卷十多谢厚情，只是无功受禄，不当人子，老汉转来，定当奉酬。”,crazywhalecc/idiom-database · MIT · 数据说明来自 pwxcoo/chinese-xinhua；原始文件：https://raw.githubusercontent.com/crazywhalecc/idiom-database/master/data/idiom.json,MIT（以源仓库声明为准）,四字词、拼音字段、释义字段、重复项检查通过,自动二审通过，待人工终审
source-464,不得不尔,bù dé bù ěr,尔如此。不得不这样。表示为环境所迫或有难言之隐而无可奈何。,这是事势相逼，～。★清·吴敬梓《儒林外史》第四十六回,《三国志·魏志·司马芝传》今诸典农，各言‘留者为行者宗田计，课其力，势不得不尔。’”,crazywhalecc/idiom-database · MIT · 数据说明来自 pwxcoo/chinese-xinhua；原始文件：https://raw.githubusercontent.com/crazywhalecc/idiom-database/master/data/idiom.json,MIT（以源仓库声明为准）,四字词、拼音字段、释义字段、重复项检查通过,自动二审通过，待人工终审
source-465,不得人心,bù dé rén xīn,心心愿，愿望。得不到群众的支持拥护；得不到众人的好评。,只恨那婆子～，劈手夺了他宝贝去。★清·曾朴《孽海花》第七回,《旧唐书·哥舒翰传》先是，翰数奏禄山虽窃河朔，而不得人心，请持重以弊之，彼自离心，因而翦灭之，可不伤兵擒兹寇矣。”,crazywhalecc/idiom-database · MIT · 数据说明来自 pwxcoo/chinese-xinhua；原始文件：https://raw.githubusercontent.com/crazywhalecc/idiom-database/master/data/idiom.json,MIT（以源仓库声明为准）,四字词、拼音字段、释义字段、重复项检查通过,自动二审通过，待人工终审
source-466,不得要领,bù dé yào lǐng,要古腰”字；领衣领。要领比喻关键。抓不住要领或关键。,我又无拳无勇，真没办法，在手头的只有笔墨，能写这封信一类的～的东西而已。★鲁迅《两地书》八,《史记·大宛列传》骞从月氏至大夏，竟不能得月氏要领。”,crazywhalecc/idiom-database · MIT · 数据说明来自 pwxcoo/chinese-xinhua；原始文件：https://raw.githubusercontent.com/crazywhalecc/idiom-database/master/data/idiom.json,MIT（以源仓库声明为准）,四字词、拼音字段、释义字段、重复项检查通过,自动二审通过，待人工终审
source-467,不登大雅,bù dēng dà yǎ,大雅高贵典雅。不能登上高雅的厅堂。形容某些不被人看重的、粗俗”的事物（多指文艺作品）。,按照老看法，这类书至多只能指示童蒙，～。★朱自清《序》,见不登大雅之堂”。,crazywhalecc/idiom-database · MIT · 数据说明来自 pwxcoo/chinese-xinhua；原始文件：https://raw.githubusercontent.com/crazywhalecc/idiom-database/master/data/idiom.json,MIT（以源仓库声明为准）,四字词、拼音字段、释义字段、重复项检查通过,自动二审通过，待人工终审
source-468,不动声色,bù dòng shēng sè,声言谈；色脸色。在紧急情况下，说话、神态仍跟平时一样没有变化。形容非常镇静。,他也～，勤勤慎慎办他的公事。★清·李宝嘉《官场现形记》第十二回,宋·欧阳修《相州昼锦堂记》垂绅正笏，不动声色，而措天下于泰山之安。”,crazywhalecc/idiom-database · MIT · 数据说明来自 pwxcoo/chinese-xinhua；原始文件：https://raw.githubusercontent.com/crazywhalecc/idiom-database/master/data/idiom.json,MIT（以源仓库声明为准）,四字词、拼音字段、释义字段、重复项检查通过,自动二审通过，待人工终审
source-469,不二法门,bù èr fǎ mén,不二指不是两极端；法门佧行入道的门径。原为佛家语，意为直接入道，不可言传的法门◇比喻最好的或独一无二的方法。,历观战史，水战用火攻，是颠扑不破的～。★高阳《清宫外史》下册,《维摩诘经·入不二法门品》如我意者，于一切法无言无说，无示无识，离诸问答，是为入不二法门。”,crazywhalecc/idiom-database · MIT · 数据说明来自 pwxcoo/chinese-xinhua；原始文件：https://raw.githubusercontent.com/crazywhalecc/idiom-database/master/data/idiom.json,MIT（以源仓库声明为准）,四字词、拼音字段、释义字段、重复项检查通过,自动二审通过，待人工终审
source-470,不分彼此,bù fēn bǐ cǐ,彼那，对方；此这，我方。不分这个和那个。形容关系密切，交情深厚。,他就是我，我就是他，我俩原是～的。★蔡东藩、许廑父《民国通俗演义》第一百三十回,宋·陈亮《谢安比王导论》一切以大体弥缝之，号令无所变更，而任用不乏其人。”,crazywhalecc/idiom-database · MIT · 数据说明来自 pwxcoo/chinese-xinhua；原始文件：https://raw.githubusercontent.com/crazywhalecc/idiom-database/master/data/idiom.json,MIT（以源仓库声明为准）,四字词、拼音字段、释义字段、重复项检查通过,自动二审通过，待人工终审
source-471,不分轩轾,bù fēn xuān zhì,不分高下、轻重。比喻对待二者的态度或看法差不多。,但先入之言，容易见听，如果有两个人在慈禧太后心目中～，那时想起溥伦的话，关系出入就太大了。★高阳《胭脂井》,《后汉书·马援传》居前不能令人轾，居后不能令人轩……臣所耻也。”,crazywhalecc/idiom-database · MIT · 数据说明来自 pwxcoo/chinese-xinhua；原始文件：https://raw.githubusercontent.com/crazywhalecc/idiom-database/master/data/idiom.json,MIT（以源仓库声明为准）,四字词、拼音字段、释义字段、重复项检查通过,自动二审通过，待人工终审
source-472,不分畛域,bù fēn zhěn yù,畛域范围，界限。不分界限、范围。也比喻不分彼此。,我们善堂是～的，往时各省有了灾荒，没一处不去赈济。★清·黄小配《廿载繁华梦》第二十八回,《庄子·秋水》泛泛乎其若四方之无穷，其无所畛域。”,crazywhalecc/idiom-database · MIT · 数据说明来自 pwxcoo/chinese-xinhua；原始文件：https://raw.githubusercontent.com/crazywhalecc/idiom-database/master/data/idiom.json,MIT（以源仓库声明为准）,四字词、拼音字段、释义字段、重复项检查通过,自动二审通过，待人工终审
source-473,不丰不杀,bù fēng bù shā,丰厚；杀减少。不奢侈也不啬俭。不增加也不减少。,宫门费”～，按股匀分，倒也相安无事。★高阳《胭脂井》,《礼记·礼器》礼不同，不丰不杀。”,crazywhalecc/idiom-database · MIT · 数据说明来自 pwxcoo/chinese-xinhua；原始文件：https://raw.githubusercontent.com/crazywhalecc/idiom-database/master/data/idiom.json,MIT（以源仓库声明为准）,四字词、拼音字段、释义字段、重复项检查通过,自动二审通过，待人工终审
source-474,不伏烧埋,bù fú shāo mái,伏屈服；烧埋烧埋银钱，旧时官府向杀人犯追缴赔给死者家属的埋葬费。比喻不伏罪或不听劝解。,我又不敢当厅抵赖，恰待分说，又道咱家～。★《元曲选·争报恩》二,元·康进之《地逵负棘》第四折休道你兄弟不伏烧埋，由你便直打到梨花月上来。”,crazywhalecc/idiom-database · MIT · 数据说明来自 pwxcoo/chinese-xinhua；原始文件：https://raw.githubusercontent.com/crazywhalecc/idiom-database/master/data/idiom.json,MIT（以源仓库声明为准）,四字词、拼音字段、释义字段、重复项检查通过,自动二审通过，待人工终审
source-475,不改其乐,bù gǎi qí lè,不改变自有的快乐。指处于困苦的境况仍然很快乐。,（孔子）称赞颜回吃喝不够，‘～’。★朱自清《论吃饭》,《论语·雍也》一箪食，一飘饮，在陋巷，人不堪其扰，回出不改其乐。”,crazywhalecc/idiom-database · MIT · 数据说明来自 pwxcoo/chinese-xinhua；原始文件：https://raw.githubusercontent.com/crazywhalecc/idiom-database/master/data/idiom.json,MIT（以源仓库声明为准）,四字词、拼音字段、释义字段、重复项检查通过,自动二审通过，待人工终审
source-476,不甘寂寞,bù gān jì mò,甘甘心；寂寞孤寂、冷落。形容不甘心被冷落或急于想参与某件事情。,从内务府垮下来的文锡，一向～。★高阳《清宫外史》下册,清·吕留良《晚村文集·与高旦中书》卷二念头淡薄，自然删落，若不甘寂寞，虽外事清高，正是以退为进。”,crazywhalecc/idiom-database · MIT · 数据说明来自 pwxcoo/chinese-xinhua；原始文件：https://raw.githubusercontent.com/crazywhalecc/idiom-database/master/data/idiom.json,MIT（以源仓库声明为准）,四字词、拼音字段、释义字段、重复项检查通过,自动二审通过，待人工终审
source-477,不尴不尬,bù gān bù gà,比喻左右为难，不好处理。也形容样子别扭。,外甥女少不得的是我们养着，牛姑爷也该做出一个主意来，只管～住着，也不是事。★清·吴敬梓《儒林外史》第二十二回,宋·吴泳《赋半斋送张清分教嘉定》道如大路皆可遵，不尴不尬难为人。”《朱子语类》卷三四圣人全体极至，没那不间不界底事。”,crazywhalecc/idiom-database · MIT · 数据说明来自 pwxcoo/chinese-xinhua；原始文件：https://raw.githubusercontent.com/crazywhalecc/idiom-database/master/data/idiom.json,MIT（以源仓库声明为准）,四字词、拼音字段、释义字段、重复项检查通过,自动二审通过，待人工终审
source-478,不敢高攀,bù gǎn gāo pān,不敢跟社会地位比自己高的人交朋友或结亲戚。,他那种人我们是～的。,南宋·郭茂倩《乐府诗集·清商曲辞二·碧玉歌》碧玉小家女，不敢贵德攀。感郎意气重，遂得结金兰。”,crazywhalecc/idiom-database · MIT · 数据说明来自 pwxcoo/chinese-xinhua；原始文件：https://raw.githubusercontent.com/crazywhalecc/idiom-database/master/data/idiom.json,MIT（以源仓库声明为准）,四字词、拼音字段、释义字段、重复项检查通过,自动二审通过，待人工终审
source-479,不敢告劳,bù gǎn gào láo,努力做事，不诉说自己的劳苦。比喻勤勤恳恳，不辞辛劳（多用在自己表示谦虚）。,凡所实施，光明正大。艰苦奋斗，～。★《毛泽东选集·陕甘宁边区政府、第八路军后方留守处布告》,《诗经·小雅·十月之交》黾勉从事，不敢告劳。”,crazywhalecc/idiom-database · MIT · 数据说明来自 pwxcoo/chinese-xinhua；原始文件：https://raw.githubusercontent.com/crazywhalecc/idiom-database/master/data/idiom.json,MIT（以源仓库声明为准）,四字词、拼音字段、释义字段、重复项检查通过,自动二审通过，待人工终审
source-480,不攻自破,bù gōng zì pò,无须攻击，自己就会破灭。形容论点站不住脚，经不起反驳或攻击。,郢都无主，～。★明·冯梦龙《东周列国志》第七十六回,晋·干宝《晋记》是故不攻而自败也。”唐·顾德章《上中书门下及礼院详议东都太庙修废状》是有都立庙之言，不攻而自破也。”,crazywhalecc/idiom-database · MIT · 数据说明来自 pwxcoo/chinese-xinhua；原始文件：https://raw.githubusercontent.com/crazywhalecc/idiom-database/master/data/idiom.json,MIT（以源仓库声明为准）,四字词、拼音字段、释义字段、重复项检查通过,自动二审通过，待人工终审
source-481,不共戴天,bù gòng dài tiān,戴加在头上或用头顶着。不愿和仇敌在一个天底下并存。形容仇恨极深。,这亘古未有的壮举，像一柄锋利的匕首，直刺～的死敌。”★齐怀《刑场上的婚礼》,《礼记·曲礼上》父之仇，弗与共戴天。”,crazywhalecc/idiom-database · MIT · 数据说明来自 pwxcoo/chinese-xinhua；原始文件：https://raw.githubusercontent.com/crazywhalecc/idiom-database/master/data/idiom.json,MIT（以源仓库声明为准）,四字词、拼音字段、释义字段、重复项检查通过,自动二审通过，待人工终审
source-482,不苟言笑,bù gǒu yán xiào,苟苟且，随便。不随便说笑。形容态度庄重严肃。,且说这位郑伯才君，单名一个雄字，乃是湖南湘潭县人，向来是个讲宋学的，方领矩步，～。★清·梁启超《新中国未来记》,《礼记·曲礼上》不登高，不临深，不苟訾，不苟笑。”,crazywhalecc/idiom-database · MIT · 数据说明来自 pwxcoo/chinese-xinhua；原始文件：https://raw.githubusercontent.com/crazywhalecc/idiom-database/master/data/idiom.json,MIT（以源仓库声明为准）,四字词、拼音字段、释义字段、重复项检查通过,自动二审通过，待人工终审
source-483,不古不今,bù gǔ bù jīn,指事物不正常，古代现代都不曾有过。原讥讽人学无所得却故作诡异◇常比喻折衷。,遥见双炬，疑为虎目，至前则官役数人，衣冠～。★清·纪昀《阅微草堂笔记》卷十八,汉·扬雄《太玄经·更》童牛角马，不今不古。”,crazywhalecc/idiom-database · MIT · 数据说明来自 pwxcoo/chinese-xinhua；原始文件：https://raw.githubusercontent.com/crazywhalecc/idiom-database/master/data/idiom.json,MIT（以源仓库声明为准）,四字词、拼音字段、释义字段、重复项检查通过,自动二审通过，待人工终审
source-484,不顾死活,bù gù sǐ huó,顾顾念，考虑。连生死也不考虑了。形容拼命蛮干，不顾一切。,他们更希望有经验的人来领导他们，他们原意～地保卫家乡。★巴金《火》第二部十,明·吴承恩《西游记》第六十三回这呆子不顾死活，闯上宫殿，一路钯，筑破门扇，打破桌椅，把些吃酒的家伙之类，尽皆打碎。”,crazywhalecc/idiom-database · MIT · 数据说明来自 pwxcoo/chinese-xinhua；原始文件：https://raw.githubusercontent.com/crazywhalecc/idiom-database/master/data/idiom.json,MIT（以源仓库声明为准）,四字词、拼音字段、释义字段、重复项检查通过,自动二审通过，待人工终审
source-485,不关痛痒,bù guān tòng yǎng,痛痒比喻疾苦或紧要的事。比喻切身相关的事。指与自身利害没有关系。,这里虽还有两三个老婆子，都是～的，见李妈走了，也都悄悄的自寻方便去了。★清·曹雪芹《红楼梦》第八回,《朱子语类》卷一０一那不关痛痒底是不仁。”,crazywhalecc/idiom-database · MIT · 数据说明来自 pwxcoo/chinese-xinhua；原始文件：https://raw.githubusercontent.com/crazywhalecc/idiom-database/master/data/idiom.json,MIT（以源仓库声明为准）,四字词、拼音字段、释义字段、重复项检查通过,自动二审通过，待人工终审
source-486,不过尔尔,bù guò ěr ěr,尔（前）如此，这样；尔（后）通耳”，罢了。不过这样罢了。有轻视人的意思。,白狼竟露布讨袁，斥为神奸国贼，文辞工炼，相传为陈琳讨曹，～。★蔡东藩、许廑父《民国通俗演义》第四十回,《宋史·沈辽传》使我自择，不过尔耳。”明·胡应麟《诗薮·杂编六·中州》金人一代制作不过尔尔。”,crazywhalecc/idiom-database · MIT · 数据说明来自 pwxcoo/chinese-xinhua；原始文件：https://raw.githubusercontent.com/crazywhalecc/idiom-database/master/data/idiom.json,MIT（以源仓库声明为准）,四字词、拼音字段、释义字段、重复项检查通过,自动二审通过，待人工终审
source-487,不寒而栗,bù hán ér lì,栗畏惧，发抖。不冷而发抖。形容非常恐惧。,岂果脂粉之气，不势而威？胡乃肮脏之身，～。★清·蒲松龄《聊斋志异·马介甫》,《史记·酷吏列传》是日皆报杀四百余人，其后郡中不寒而栗，滑民佐吏为治。”,crazywhalecc/idiom-database · MIT · 数据说明来自 pwxcoo/chinese-xinhua；原始文件：https://raw.githubusercontent.com/crazywhalecc/idiom-database/master/data/idiom.json,MIT（以源仓库声明为准）,四字词、拼音字段、释义字段、重复项检查通过,自动二审通过，待人工终审
source-488,不合时宜,bù hé shí yí,时宜当时的需要和潮流。不适合时代形势的需要。也指不合世俗习尚。,闻得他因～，权势不容，竟投到这里来。★清·曹雪芹《红楼梦》第六十三回,《汉书·袁帝纪》皆违经背古，不合时宜。”,crazywhalecc/idiom-database · MIT · 数据说明来自 pwxcoo/chinese-xinhua；原始文件：https://raw.githubusercontent.com/crazywhalecc/idiom-database/master/data/idiom.json,MIT（以源仓库声明为准）,四字词、拼音字段、释义字段、重复项检查通过,自动二审通过，待人工终审
source-489,不慌不忙,bù huāng bù máng,不慌张，不忙乱。形容态度镇定，或办事稳重、踏实。,公路在山上盘旋，车子～地打着圈子。★巴金《旅途杂记·成渝路上》,元·高文秀《襄阳会》第三折轮起刀来望我脖子砍，不慌不忙缩了头。”,crazywhalecc/idiom-database · MIT · 数据说明来自 pwxcoo/chinese-xinhua；原始文件：https://raw.githubusercontent.com/crazywhalecc/idiom-database/master/data/idiom.json,MIT（以源仓库声明为准）,四字词、拼音字段、释义字段、重复项检查通过,自动二审通过，待人工终审
source-490,不遑宁处,bù huáng níng chǔ,遑闲暇。没有闲暇的时候。指忙于应付繁重或紧急的事情。,频繁上命，徒想报恩，驰骤下寮，～。★唐·张鷟《游仙窟》,《晋书·桓温传》故荷戈驱驰，不遑宁处，前后表陈，于今历年矣。”,crazywhalecc/idiom-database · MIT · 数据说明来自 pwxcoo/chinese-xinhua；原始文件：https://raw.githubusercontent.com/crazywhalecc/idiom-database/master/data/idiom.json,MIT（以源仓库声明为准）,四字词、拼音字段、释义字段、重复项检查通过,自动二审通过，待人工终审
source-491,不遑宁息,bù huáng níng xī,没有闲暇的时间过安宁的日子。指忙于应付繁重或紧急的事务。同不遑宁处”。,微臣所以叩心绝气，忘寝与食，雕肝焦虑，～者也。★唐·房玄龄《晋书·凉武昭王传》,《三国志·吴书·韦曜传》故勉精历操，晨兴夜寐不遑宁息，经之以岁月，累之以日力。”,crazywhalecc/idiom-database · MIT · 数据说明来自 pwxcoo/chinese-xinhua；原始文件：https://raw.githubusercontent.com/crazywhalecc/idiom-database/master/data/idiom.json,MIT（以源仓库声明为准）,四字词、拼音字段、释义字段、重复项检查通过,自动二审通过，待人工终审
source-492,不惑之年,bù huò zhī nián,不惑遇到事情能明辨不疑。以此作为40岁的代称。,他大学毕业年仅20，而光阴飞转，很快已近～了。,《论语·为政》有四十而不惑”的说法。,crazywhalecc/idiom-database · MIT · 数据说明来自 pwxcoo/chinese-xinhua；原始文件：https://raw.githubusercontent.com/crazywhalecc/idiom-database/master/data/idiom.json,MIT（以源仓库声明为准）,四字词、拼音字段、释义字段、重复项检查通过,自动二审通过，待人工终审
source-493,不羁之才,bù jī zhī cái,羁马笼头，比喻约束。非凡的、不可拘束的才能。,余与稽康、吕安居止接近，其人并有～。★晋·向秀《思旧赋序》,《汉书·司马迁传》仆少负不羁之才，长无乡曲之誉。”,crazywhalecc/idiom-database · MIT · 数据说明来自 pwxcoo/chinese-xinhua；原始文件：https://raw.githubusercontent.com/crazywhalecc/idiom-database/master/data/idiom.json,MIT（以源仓库声明为准）,四字词、拼音字段、释义字段、重复项检查通过,自动二审通过，待人工终审
source-494,不即不离,bù jí bù lí,即接近，靠近；离疏远，离开。指对人既不接近，也不疏远。多指对人似亲非亲、似疏非疏的关系。,刘本人打着保境安民的旗号，隐隐地以湖北的政治中心自命，对于南北两方都采取着～的态度。★郭沫若《革命春秋·北伐途次》,唐·羪宾《圆觉经》卷上不即不离，无缚无脱”,crazywhalecc/idiom-database · MIT · 数据说明来自 pwxcoo/chinese-xinhua；原始文件：https://raw.githubusercontent.com/crazywhalecc/idiom-database/master/data/idiom.json,MIT（以源仓库声明为准）,四字词、拼音字段、释义字段、重复项检查通过,自动二审通过，待人工终审
source-495,不急之务,bù jí zhī wù,急急迫，要紧；务事情。无关紧要的或不急于做的事情。,长吏迫于崔科，视学舍为～。★清·朱彝尊《衢州府西安县重修学记》,《三国志·吴书·孙和传》诚能绝无益之欲，以奉德义之涂，弃不急之务，以修功业之基，其于名行，岂不善哉。”,crazywhalecc/idiom-database · MIT · 数据说明来自 pwxcoo/chinese-xinhua；原始文件：https://raw.githubusercontent.com/crazywhalecc/idiom-database/master/data/idiom.json,MIT（以源仓库声明为准）,四字词、拼音字段、释义字段、重复项检查通过,自动二审通过，待人工终审
source-496,不假思索,bù jiǎ sī suǒ,假假借，依靠。形容做事答话敏捷、熟练，用不着考虑。,华安～，援笔立就，手捧所做呈上。★明·冯梦龙《警世通言》卷二十六,宋·黄榦《黄勉斋文集》卷四戒惧谨独，不待勉强，不假思索，只是一念之间，此意便在。”,crazywhalecc/idiom-database · MIT · 数据说明来自 pwxcoo/chinese-xinhua；原始文件：https://raw.githubusercontent.com/crazywhalecc/idiom-database/master/data/idiom.json,MIT（以源仓库声明为准）,四字词、拼音字段、释义字段、重复项检查通过,自动二审通过，待人工终审
source-497,不间不界,bù gān bù gà,比喻左右为难，不好处理。也形容样子别扭。同不尴不尬”。,道如大路皆可遵，～难为人。★宋·吴泳《赋半斋送张清分教嘉定》诗,《朱子语类》卷三四圣人全体极至，没那不间不界底事。”,crazywhalecc/idiom-database · MIT · 数据说明来自 pwxcoo/chinese-xinhua；原始文件：https://raw.githubusercontent.com/crazywhalecc/idiom-database/master/data/idiom.json,MIT（以源仓库声明为准）,四字词、拼音字段、释义字段、重复项检查通过,自动二审通过，待人工终审
source-498,不见经传,bù jiàn jīng zhuàn,经传指被古人尊崇为典范的著作。经传上没有记载◇常指人没有名声或论述没有根据。,我们住的小胡同，连轿车也进不来，一向～。★老舍《吐了一口气》,宋·罗大经《鹤林玉露》卷六三字虽不见经传，却亦甚雅。”,crazywhalecc/idiom-database · MIT · 数据说明来自 pwxcoo/chinese-xinhua；原始文件：https://raw.githubusercontent.com/crazywhalecc/idiom-database/master/data/idiom.json,MIT（以源仓库声明为准）,四字词、拼音字段、释义字段、重复项检查通过,自动二审通过，待人工终审
source-499,不教而杀,bù jiào ér shā,教教育；杀处罚，杀死。不警告就处死。指事先不教育人，一犯错误就加以惩罚。,对待犯错误的人应当采取治病救人的方针，而不应该～。,《论语·尧曰》不教而杀谓之虐。”,crazywhalecc/idiom-database · MIT · 数据说明来自 pwxcoo/chinese-xinhua；原始文件：https://raw.githubusercontent.com/crazywhalecc/idiom-database/master/data/idiom.json,MIT（以源仓库声明为准）,四字词、拼音字段、释义字段、重复项检查通过,自动二审通过，待人工终审
source-500,不教而诛,bù jiào ér zhū,教教育；诛处罚，杀死。不警告就处死。指事先不教育人，一犯错误就加以惩罚。,大人限他们三个月叫他们戒烟，宽之以期限，动之以厉害，不忍～。★清·李宝嘉《官场现形记》第二十回,《荀子·富国》故不教而诛，则刑繁而邪不胜；教而不诛，则奸民不惩。”,crazywhalecc/idiom-database · MIT · 数据说明来自 pwxcoo/chinese-xinhua；原始文件：https://raw.githubusercontent.com/crazywhalecc/idiom-database/master/data/idiom.json,MIT（以源仓库声明为准）,四字词、拼音字段、释义字段、重复项检查通过,自动二审通过，待人工终审
